
bin/bios.elf:     file format elf32-littlearm


Disassembly of section .text:

70010000 <_reset_vector>:
70010000:	ea000115 	b	7001045c <_start>

70010004 <_rec_kernel>:
70010004:	e52db004 	push	{fp}		; (str fp, [sp, #-4]!)
70010008:	e28db000 	add	fp, sp, #0
7001000c:	e24dd014 	sub	sp, sp, #20
70010010:	e3a03000 	mov	r3, #0
70010014:	e50b3010 	str	r3, [fp, #-16]
70010018:	e3a03000 	mov	r3, #0
7001001c:	e34730a0 	movt	r3, #28832	; 0x70a0
70010020:	e50b3008 	str	r3, [fp, #-8]
70010024:	e3a03000 	mov	r3, #0
70010028:	e34730a1 	movt	r3, #28833	; 0x70a1
7001002c:	e50b300c 	str	r3, [fp, #-12]
70010030:	e30d305c 	movw	r3, #53340	; 0xd05c
70010034:	e3473001 	movt	r3, #28673	; 0x7001
70010038:	e5933000 	ldr	r3, [r3]
7001003c:	e3530001 	cmp	r3, #1
70010040:	0a00000c 	beq	70010078 <_rec_kernel+0x74>
70010044:	e3530002 	cmp	r3, #2
70010048:	0a00001b 	beq	700100bc <_rec_kernel+0xb8>
7001004c:	ea000024 	b	700100e4 <_rec_kernel+0xe0>
70010050:	e51b3008 	ldr	r3, [fp, #-8]
70010054:	e5933000 	ldr	r3, [r3]
70010058:	e50b3010 	str	r3, [fp, #-16]
7001005c:	e51b2008 	ldr	r2, [fp, #-8]
70010060:	e30535aa 	movw	r3, #21930	; 0x55aa
70010064:	e34535aa 	movt	r3, #21930	; 0x55aa
70010068:	e5823000 	str	r3, [r2]
7001006c:	e51b3008 	ldr	r3, [fp, #-8]
70010070:	e2833004 	add	r3, r3, #4
70010074:	e50b3008 	str	r3, [fp, #-8]
70010078:	e51b2008 	ldr	r2, [fp, #-8]
7001007c:	e3003ffe 	movw	r3, #4094	; 0xffe
70010080:	e34730a0 	movt	r3, #28832	; 0x70a0
70010084:	e1520003 	cmp	r2, r3
70010088:	9afffff0 	bls	70010050 <_rec_kernel+0x4c>
7001008c:	e3a03000 	mov	r3, #0
70010090:	e34730a0 	movt	r3, #28832	; 0x70a0
70010094:	e50b3008 	str	r3, [fp, #-8]
70010098:	ea000010 	b	700100e0 <_rec_kernel+0xdc>
7001009c:	e51b300c 	ldr	r3, [fp, #-12]
700100a0:	e5933000 	ldr	r3, [r3]
700100a4:	e1e02003 	mvn	r2, r3
700100a8:	e51b300c 	ldr	r3, [fp, #-12]
700100ac:	e5832000 	str	r2, [r3]
700100b0:	e51b300c 	ldr	r3, [fp, #-12]
700100b4:	e2833004 	add	r3, r3, #4
700100b8:	e50b300c 	str	r3, [fp, #-12]
700100bc:	e51b200c 	ldr	r2, [fp, #-12]
700100c0:	e3003ffe 	movw	r3, #4094	; 0xffe
700100c4:	e34730a1 	movt	r3, #28833	; 0x70a1
700100c8:	e1520003 	cmp	r2, r3
700100cc:	9afffff2 	bls	7001009c <_rec_kernel+0x98>
700100d0:	e3a03000 	mov	r3, #0
700100d4:	e34730a1 	movt	r3, #28833	; 0x70a1
700100d8:	e50b300c 	str	r3, [fp, #-12]
700100dc:	e320f000 	nop	{0}
700100e0:	e320f000 	nop	{0}
700100e4:	e28bd000 	add	sp, fp, #0
700100e8:	e49db004 	pop	{fp}		; (ldr fp, [sp], #4)
700100ec:	e12fff1e 	bx	lr

700100f0 <_handler_irq>:
700100f0:	e92d4800 	push	{fp, lr}
700100f4:	e28db004 	add	fp, sp, #4
700100f8:	e24dd018 	sub	sp, sp, #24
700100fc:	e50b0018 	str	r0, [fp, #-24]	; 0xffffffe8
70010100:	e3a0341e 	mov	r3, #503316480	; 0x1e000000
70010104:	e50b300c 	str	r3, [fp, #-12]
70010108:	e3a03a01 	mov	r3, #4096	; 0x1000
7001010c:	e3413001 	movt	r3, #4097	; 0x1001
70010110:	e50b3010 	str	r3, [fp, #-16]
70010114:	e51b300c 	ldr	r3, [fp, #-12]
70010118:	e593300c 	ldr	r3, [r3, #12]
7001011c:	e50b3014 	str	r3, [fp, #-20]	; 0xffffffec
70010120:	e51b3014 	ldr	r3, [fp, #-20]	; 0xffffffec
70010124:	e3530024 	cmp	r3, #36	; 0x24
70010128:	1a000006 	bne	70010148 <_handler_irq+0x58>
7001012c:	e51b0018 	ldr	r0, [fp, #-24]	; 0xffffffe8
70010130:	eb00000c 	bl	70010168 <scheduler>
70010134:	e50b0008 	str	r0, [fp, #-8]
70010138:	e51b3010 	ldr	r3, [fp, #-16]
7001013c:	e3a02001 	mov	r2, #1
70010140:	e583200c 	str	r2, [r3, #12]
70010144:	ea000000 	b	7001014c <_handler_irq+0x5c>
70010148:	e320f000 	nop	{0}
7001014c:	e51b300c 	ldr	r3, [fp, #-12]
70010150:	e51b2014 	ldr	r2, [fp, #-20]	; 0xffffffec
70010154:	e5832010 	str	r2, [r3, #16]
70010158:	e51b3008 	ldr	r3, [fp, #-8]
7001015c:	e1a00003 	mov	r0, r3
70010160:	e24bd004 	sub	sp, fp, #4
70010164:	e8bd8800 	pop	{fp, pc}

70010168 <scheduler>:
70010168:	e52db004 	push	{fp}		; (str fp, [sp, #-4]!)
7001016c:	e28db000 	add	fp, sp, #0
70010170:	e24dd014 	sub	sp, sp, #20
70010174:	e50b0010 	str	r0, [fp, #-16]
70010178:	e30d305c 	movw	r3, #53340	; 0xd05c
7001017c:	e3473001 	movt	r3, #28673	; 0x7001
70010180:	e5932000 	ldr	r2, [r3]
70010184:	e30d3008 	movw	r3, #53256	; 0xd008
70010188:	e3473001 	movt	r3, #28673	; 0x7001
7001018c:	e3a0101c 	mov	r1, #28
70010190:	e0020291 	mul	r2, r1, r2
70010194:	e0833002 	add	r3, r3, r2
70010198:	e5933000 	ldr	r3, [r3]
7001019c:	e50b3008 	str	r3, [fp, #-8]
700101a0:	e30d305c 	movw	r3, #53340	; 0xd05c
700101a4:	e3473001 	movt	r3, #28673	; 0x7001
700101a8:	e5932000 	ldr	r2, [r3]
700101ac:	e30d3008 	movw	r3, #53256	; 0xd008
700101b0:	e3473001 	movt	r3, #28673	; 0x7001
700101b4:	e3a0101c 	mov	r1, #28
700101b8:	e0020291 	mul	r2, r1, r2
700101bc:	e0833002 	add	r3, r3, r2
700101c0:	e2833004 	add	r3, r3, #4
700101c4:	e5933000 	ldr	r3, [r3]
700101c8:	e50b300c 	str	r3, [fp, #-12]
700101cc:	e30d305c 	movw	r3, #53340	; 0xd05c
700101d0:	e3473001 	movt	r3, #28673	; 0x7001
700101d4:	e5932004 	ldr	r2, [r3, #4]
700101d8:	e30d305c 	movw	r3, #53340	; 0xd05c
700101dc:	e3473001 	movt	r3, #28673	; 0x7001
700101e0:	e5931000 	ldr	r1, [r3]
700101e4:	e30d3008 	movw	r3, #53256	; 0xd008
700101e8:	e3473001 	movt	r3, #28673	; 0x7001
700101ec:	e3a0001c 	mov	r0, #28
700101f0:	e0010190 	mul	r1, r0, r1
700101f4:	e0833001 	add	r3, r3, r1
700101f8:	e283300c 	add	r3, r3, #12
700101fc:	e5933000 	ldr	r3, [r3]
70010200:	e1520003 	cmp	r2, r3
70010204:	2a000007 	bcs	70010228 <scheduler+0xc0>
70010208:	e30d305c 	movw	r3, #53340	; 0xd05c
7001020c:	e3473001 	movt	r3, #28673	; 0x7001
70010210:	e5933004 	ldr	r3, [r3, #4]
70010214:	e2832001 	add	r2, r3, #1
70010218:	e30d305c 	movw	r3, #53340	; 0xd05c
7001021c:	e3473001 	movt	r3, #28673	; 0x7001
70010220:	e5832004 	str	r2, [r3, #4]
70010224:	ea000060 	b	700103ac <scheduler+0x244>
70010228:	f1020013 	cps	#19
7001022c:	e30d305c 	movw	r3, #53340	; 0xd05c
70010230:	e3473001 	movt	r3, #28673	; 0x7001
70010234:	e5931000 	ldr	r1, [r3]
70010238:	e1a0200d 	mov	r2, sp
7001023c:	e30d3008 	movw	r3, #53256	; 0xd008
70010240:	e3473001 	movt	r3, #28673	; 0x7001
70010244:	e3a0001c 	mov	r0, #28
70010248:	e0010190 	mul	r1, r0, r1
7001024c:	e0833001 	add	r3, r3, r1
70010250:	e2833004 	add	r3, r3, #4
70010254:	e5832000 	str	r2, [r3]
70010258:	e30d305c 	movw	r3, #53340	; 0xd05c
7001025c:	e3473001 	movt	r3, #28673	; 0x7001
70010260:	e5933000 	ldr	r3, [r3]
70010264:	e3530001 	cmp	r3, #1
70010268:	8a000007 	bhi	7001028c <scheduler+0x124>
7001026c:	e30d305c 	movw	r3, #53340	; 0xd05c
70010270:	e3473001 	movt	r3, #28673	; 0x7001
70010274:	e5933000 	ldr	r3, [r3]
70010278:	e2832001 	add	r2, r3, #1
7001027c:	e30d305c 	movw	r3, #53340	; 0xd05c
70010280:	e3473001 	movt	r3, #28673	; 0x7001
70010284:	e5832000 	str	r2, [r3]
70010288:	ea000003 	b	7001029c <scheduler+0x134>
7001028c:	e30d305c 	movw	r3, #53340	; 0xd05c
70010290:	e3473001 	movt	r3, #28673	; 0x7001
70010294:	e3a02000 	mov	r2, #0
70010298:	e5832000 	str	r2, [r3]
7001029c:	e30d305c 	movw	r3, #53340	; 0xd05c
700102a0:	e3473001 	movt	r3, #28673	; 0x7001
700102a4:	e5932000 	ldr	r2, [r3]
700102a8:	e30d3008 	movw	r3, #53256	; 0xd008
700102ac:	e3473001 	movt	r3, #28673	; 0x7001
700102b0:	e3a0101c 	mov	r1, #28
700102b4:	e0020291 	mul	r2, r1, r2
700102b8:	e0833002 	add	r3, r3, r2
700102bc:	e2833014 	add	r3, r3, #20
700102c0:	e5933000 	ldr	r3, [r3]
700102c4:	ee023f10 	mcr	15, 0, r3, cr2, cr0, {0}
700102c8:	e30d305c 	movw	r3, #53340	; 0xd05c
700102cc:	e3473001 	movt	r3, #28673	; 0x7001
700102d0:	e5932000 	ldr	r2, [r3]
700102d4:	e30d3008 	movw	r3, #53256	; 0xd008
700102d8:	e3473001 	movt	r3, #28673	; 0x7001
700102dc:	e3a0101c 	mov	r1, #28
700102e0:	e0020291 	mul	r2, r1, r2
700102e4:	e0833002 	add	r3, r3, r2
700102e8:	e2833004 	add	r3, r3, #4
700102ec:	e5933000 	ldr	r3, [r3]
700102f0:	e1a0d003 	mov	sp, r3
700102f4:	e30d305c 	movw	r3, #53340	; 0xd05c
700102f8:	e3473001 	movt	r3, #28673	; 0x7001
700102fc:	e5933000 	ldr	r3, [r3]
70010300:	e3530000 	cmp	r3, #0
70010304:	0a00000b 	beq	70010338 <scheduler+0x1d0>
70010308:	f102001f 	cps	#31
7001030c:	e30d305c 	movw	r3, #53340	; 0xd05c
70010310:	e3473001 	movt	r3, #28673	; 0x7001
70010314:	e5932000 	ldr	r2, [r3]
70010318:	e30d3008 	movw	r3, #53256	; 0xd008
7001031c:	e3473001 	movt	r3, #28673	; 0x7001
70010320:	e3a0101c 	mov	r1, #28
70010324:	e0020291 	mul	r2, r1, r2
70010328:	e0833002 	add	r3, r3, r2
7001032c:	e2833018 	add	r3, r3, #24
70010330:	e5933000 	ldr	r3, [r3]
70010334:	e1a0d003 	mov	sp, r3
70010338:	f1020012 	cps	#18
7001033c:	e30d305c 	movw	r3, #53340	; 0xd05c
70010340:	e3473001 	movt	r3, #28673	; 0x7001
70010344:	e5932000 	ldr	r2, [r3]
70010348:	e30d3008 	movw	r3, #53256	; 0xd008
7001034c:	e3473001 	movt	r3, #28673	; 0x7001
70010350:	e3a0101c 	mov	r1, #28
70010354:	e0020291 	mul	r2, r1, r2
70010358:	e0833002 	add	r3, r3, r2
7001035c:	e5933000 	ldr	r3, [r3]
70010360:	e1a0d003 	mov	sp, r3
70010364:	e30d305c 	movw	r3, #53340	; 0xd05c
70010368:	e3473001 	movt	r3, #28673	; 0x7001
7001036c:	e5932000 	ldr	r2, [r3]
70010370:	e30d3008 	movw	r3, #53256	; 0xd008
70010374:	e3473001 	movt	r3, #28673	; 0x7001
70010378:	e3a0101c 	mov	r1, #28
7001037c:	e0020291 	mul	r2, r1, r2
70010380:	e0833002 	add	r3, r3, r2
70010384:	e5933000 	ldr	r3, [r3]
70010388:	e50b3008 	str	r3, [fp, #-8]
7001038c:	e30d305c 	movw	r3, #53340	; 0xd05c
70010390:	e3473001 	movt	r3, #28673	; 0x7001
70010394:	e51b2008 	ldr	r2, [fp, #-8]
70010398:	e5832008 	str	r2, [r3, #8]
7001039c:	e30d305c 	movw	r3, #53340	; 0xd05c
700103a0:	e3473001 	movt	r3, #28673	; 0x7001
700103a4:	e3a02000 	mov	r2, #0
700103a8:	e5832004 	str	r2, [r3, #4]
700103ac:	e3013470 	movw	r3, #5232	; 0x1470
700103b0:	e3473001 	movt	r3, #28673	; 0x7001
700103b4:	e5933000 	ldr	r3, [r3]
700103b8:	e3530000 	cmp	r3, #0
700103bc:	1a000013 	bne	70010410 <scheduler+0x2a8>
700103c0:	e3013470 	movw	r3, #5232	; 0x1470
700103c4:	e3473001 	movt	r3, #28673	; 0x7001
700103c8:	e5933000 	ldr	r3, [r3]
700103cc:	e2832001 	add	r2, r3, #1
700103d0:	e3013470 	movw	r3, #5232	; 0x1470
700103d4:	e3473001 	movt	r3, #28673	; 0x7001
700103d8:	e5832000 	str	r2, [r3]
700103dc:	f1020013 	cps	#19
700103e0:	e30d305c 	movw	r3, #53340	; 0xd05c
700103e4:	e3473001 	movt	r3, #28673	; 0x7001
700103e8:	e5932000 	ldr	r2, [r3]
700103ec:	e30d3008 	movw	r3, #53256	; 0xd008
700103f0:	e3473001 	movt	r3, #28673	; 0x7001
700103f4:	e3a0101c 	mov	r1, #28
700103f8:	e0020291 	mul	r2, r1, r2
700103fc:	e0833002 	add	r3, r3, r2
70010400:	e2833004 	add	r3, r3, #4
70010404:	e5933000 	ldr	r3, [r3]
70010408:	e1a0d003 	mov	sp, r3
7001040c:	f1020012 	cps	#18
70010410:	e51b3008 	ldr	r3, [fp, #-8]
70010414:	e1a00003 	mov	r0, r3
70010418:	e28bd000 	add	sp, fp, #0
7001041c:	e49db004 	pop	{fp}		; (ldr fp, [sp], #4)
70010420:	e12fff1e 	bx	lr

70010424 <_table_start>:
70010424:	e59ff014 	ldr	pc, [pc, #20]	; 70010440 <add_reset_vector>
70010428:	e59ff014 	ldr	pc, [pc, #20]	; 70010444 <add_undefined_vector>
7001042c:	e59ff014 	ldr	pc, [pc, #20]	; 70010448 <add_SVC_vector>
70010430:	e59ff014 	ldr	pc, [pc, #20]	; 7001044c <add_prefetch_vector>
70010434:	e59ff014 	ldr	pc, [pc, #20]	; 70010450 <add_data_a_vector>
70010438:	e59ff014 	ldr	pc, [pc, #20]	; 70010454 <add_reserved_vector>
7001043c:	e59ff014 	ldr	pc, [pc, #20]	; 70010458 <add_IRQ_vector>

70010440 <add_reset_vector>:
70010440:	70010000 	andvc	r0, r1, r0

70010444 <add_undefined_vector>:
70010444:	700113c8 	andvc	r1, r1, r8, asr #7

70010448 <add_SVC_vector>:
70010448:	700113cc 	andvc	r1, r1, ip, asr #7

7001044c <add_prefetch_vector>:
7001044c:	700113dc 	ldrdvc	r1, [r1], -ip

70010450 <add_data_a_vector>:
70010450:	700113e8 	andvc	r1, r1, r8, ror #7

70010454 <add_reserved_vector>:
70010454:	700113f4 	strdvc	r1, [r1], -r4

70010458 <add_IRQ_vector>:
70010458:	700113f8 	strdvc	r1, [r1], -r8

7001045c <_start>:
7001045c:	e3a00000 	mov	r0, #0
70010460:	e59f1070 	ldr	r1, [pc, #112]	; 700104d8 <idle_+0x8>
70010464:	e59f2070 	ldr	r2, [pc, #112]	; 700104dc <idle_+0xc>

70010468 <_TABLE_LOOP>:
70010468:	e4913004 	ldr	r3, [r1], #4
7001046c:	e4803004 	str	r3, [r0], #4
70010470:	e1510002 	cmp	r1, r2
70010474:	1afffffb 	bne	70010468 <_TABLE_LOOP>

70010478 <_STACK_INIT>:
70010478:	e321f0d2 	msr	CPSR_c, #210	; 0xd2
7001047c:	e59fd05c 	ldr	sp, [pc, #92]	; 700104e0 <idle_+0x10>
70010480:	e321f0d1 	msr	CPSR_c, #209	; 0xd1
70010484:	e59fd058 	ldr	sp, [pc, #88]	; 700104e4 <idle_+0x14>
70010488:	e321f0d7 	msr	CPSR_c, #215	; 0xd7
7001048c:	e59fd054 	ldr	sp, [pc, #84]	; 700104e8 <idle_+0x18>
70010490:	e321f0db 	msr	CPSR_c, #219	; 0xdb
70010494:	e59fd050 	ldr	sp, [pc, #80]	; 700104ec <idle_+0x1c>
70010498:	e321f0df 	msr	CPSR_c, #223	; 0xdf
7001049c:	e59fd04c 	ldr	sp, [pc, #76]	; 700104f0 <idle_+0x20>
700104a0:	e321f0d3 	msr	CPSR_c, #211	; 0xd3
700104a4:	e59fd048 	ldr	sp, [pc, #72]	; 700104f4 <idle_+0x24>
700104a8:	e59f0048 	ldr	r0, [pc, #72]	; 700104f8 <idle_+0x28>
700104ac:	e59f1048 	ldr	r1, [pc, #72]	; 700104fc <idle_+0x2c>
700104b0:	e5801000 	str	r1, [r0]

700104b4 <init_board>:
700104b4:	e59fa044 	ldr	sl, [pc, #68]	; 70010500 <idle_+0x30>
700104b8:	e1a0e00f 	mov	lr, pc
700104bc:	e12fff1a 	bx	sl
700104c0:	ee111f10 	mrc	15, 0, r1, cr1, cr0, {0}
700104c4:	e3811001 	orr	r1, r1, #1
700104c8:	ee011f10 	mcr	15, 0, r1, cr1, cr0, {0}
700104cc:	f1080080 	cpsie	i

700104d0 <idle_>:
700104d0:	e320f003 	wfi
700104d4:	eafffffd 	b	700104d0 <idle_>
700104d8:	70010424 	andvc	r0, r1, r4, lsr #8
700104dc:	7001045c 	andvc	r0, r1, ip, asr r4
700104e0:	70020400 	andvc	r0, r2, r0, lsl #8
700104e4:	70020480 	andvc	r0, r2, r0, lsl #9
700104e8:	70020900 	andvc	r0, r2, r0, lsl #18
700104ec:	70020980 	andvc	r0, r2, r0, lsl #19
700104f0:	70020a00 	andvc	r0, r2, r0, lsl #20
700104f4:	70020880 	andvc	r0, r2, r0, lsl #17
700104f8:	70800000 	addvc	r0, r0, r0
700104fc:	12345678 	eorsne	r5, r4, #120, 12	; 0x7800000
70010500:	70010504 	andvc	r0, r1, r4, lsl #10

70010504 <__board_init>:
70010504:	e92d4800 	push	{fp, lr}
70010508:	e28db004 	add	fp, sp, #4
7001050c:	eb000284 	bl	70010f24 <TCB_init>
70010510:	eb000243 	bl	70010e24 <__gic_init>
70010514:	eb000223 	bl	70010da8 <__timer_init>
70010518:	e3003010 	movw	r3, #16
7001051c:	e3403000 	movt	r3, #0
70010520:	e1a02003 	mov	r2, r3
70010524:	e30d1068 	movw	r1, #53352	; 0xd068
70010528:	e3471001 	movt	r1, #28673	; 0x7001
7001052c:	e3040000 	movw	r0, #16384	; 0x4000
70010530:	e3470003 	movt	r0, #28675	; 0x7003
70010534:	eb000259 	bl	70010ea0 <memcopy>
70010538:	e3003010 	movw	r3, #16
7001053c:	e3403000 	movt	r3, #0
70010540:	e1a02003 	mov	r2, r3
70010544:	e30d1078 	movw	r1, #53368	; 0xd078
70010548:	e3471001 	movt	r1, #28673	; 0x7001
7001054c:	e3000000 	movw	r0, #0
70010550:	e3480075 	movt	r0, #32885	; 0x8075
70010554:	eb000251 	bl	70010ea0 <memcopy>
70010558:	e3003010 	movw	r3, #16
7001055c:	e3403000 	movt	r3, #0
70010560:	e1a02003 	mov	r2, r3
70010564:	e30d108c 	movw	r1, #53388	; 0xd08c
70010568:	e3471001 	movt	r1, #28673	; 0x7001
7001056c:	e3000000 	movw	r0, #0
70010570:	e3480074 	movt	r0, #32884	; 0x8074
70010574:	eb000249 	bl	70010ea0 <memcopy>
70010578:	e3003d80 	movw	r3, #3456	; 0xd80
7001057c:	e3403000 	movt	r3, #0
70010580:	e1a02003 	mov	r2, r3
70010584:	e3021000 	movw	r1, #8192	; 0x2000
70010588:	e34710f5 	movt	r1, #28917	; 0x70f5
7001058c:	e3020000 	movw	r0, #8192	; 0x2000
70010590:	e3480075 	movt	r0, #32885	; 0x8075
70010594:	eb000241 	bl	70010ea0 <memcopy>
70010598:	e3003d80 	movw	r3, #3456	; 0xd80
7001059c:	e3403000 	movt	r3, #0
700105a0:	e1a02003 	mov	r2, r3
700105a4:	e3021000 	movw	r1, #8192	; 0x2000
700105a8:	e34710f4 	movt	r1, #28916	; 0x70f4
700105ac:	e3020000 	movw	r0, #8192	; 0x2000
700105b0:	e3480074 	movt	r0, #32884	; 0x8074
700105b4:	eb000239 	bl	70010ea0 <memcopy>
700105b8:	e3003000 	movw	r3, #0
700105bc:	e3403000 	movt	r3, #0
700105c0:	e1a02003 	mov	r2, r3
700105c4:	e30d1088 	movw	r1, #53384	; 0xd088
700105c8:	e3471001 	movt	r1, #28673	; 0x7001
700105cc:	e3030000 	movw	r0, #12288	; 0x3000
700105d0:	e3480075 	movt	r0, #32885	; 0x8075
700105d4:	eb000231 	bl	70010ea0 <memcopy>
700105d8:	e3003004 	movw	r3, #4
700105dc:	e3403000 	movt	r3, #0
700105e0:	e1a02003 	mov	r2, r3
700105e4:	e30d1088 	movw	r1, #53384	; 0xd088
700105e8:	e3471001 	movt	r1, #28673	; 0x7001
700105ec:	e3010000 	movw	r0, #4096	; 0x1000
700105f0:	e3480075 	movt	r0, #32885	; 0x8075
700105f4:	eb000229 	bl	70010ea0 <memcopy>
700105f8:	e3003000 	movw	r3, #0
700105fc:	e3403000 	movt	r3, #0
70010600:	e1a02003 	mov	r2, r3
70010604:	e30d108c 	movw	r1, #53388	; 0xd08c
70010608:	e3471001 	movt	r1, #28673	; 0x7001
7001060c:	e3040000 	movw	r0, #16384	; 0x4000
70010610:	e3480075 	movt	r0, #32885	; 0x8075
70010614:	eb000221 	bl	70010ea0 <memcopy>
70010618:	e3003000 	movw	r3, #0
7001061c:	e3403000 	movt	r3, #0
70010620:	e1a02003 	mov	r2, r3
70010624:	e30d109c 	movw	r1, #53404	; 0xd09c
70010628:	e3471001 	movt	r1, #28673	; 0x7001
7001062c:	e3030000 	movw	r0, #12288	; 0x3000
70010630:	e3480074 	movt	r0, #32884	; 0x8074
70010634:	eb000219 	bl	70010ea0 <memcopy>
70010638:	e3003000 	movw	r3, #0
7001063c:	e3403000 	movt	r3, #0
70010640:	e1a02003 	mov	r2, r3
70010644:	e30d109c 	movw	r1, #53404	; 0xd09c
70010648:	e3471001 	movt	r1, #28673	; 0x7001
7001064c:	e3010000 	movw	r0, #4096	; 0x1000
70010650:	e3480074 	movt	r0, #32884	; 0x8074
70010654:	eb000211 	bl	70010ea0 <memcopy>
70010658:	e3003000 	movw	r3, #0
7001065c:	e3403000 	movt	r3, #0
70010660:	e1a02003 	mov	r2, r3
70010664:	e30d109c 	movw	r1, #53404	; 0xd09c
70010668:	e3471001 	movt	r1, #28673	; 0x7001
7001066c:	e3040000 	movw	r0, #16384	; 0x4000
70010670:	e3480074 	movt	r0, #32884	; 0x8074
70010674:	eb000209 	bl	70010ea0 <memcopy>
70010678:	e3a03032 	mov	r3, #50	; 0x32
7001067c:	e3a02000 	mov	r2, #0
70010680:	e3472001 	movt	r2, #28673	; 0x7001
70010684:	e3a01000 	mov	r1, #0
70010688:	e3471001 	movt	r1, #28673	; 0x7001
7001068c:	e3a00000 	mov	r0, #0
70010690:	e3470008 	movt	r0, #28680	; 0x7008
70010694:	eb000159 	bl	70010c00 <mapeo>
70010698:	e3a03032 	mov	r3, #50	; 0x32
7001069c:	e3a02a0f 	mov	r2, #61440	; 0xf000
700106a0:	e3472001 	movt	r2, #28673	; 0x7001
700106a4:	e3a01a0f 	mov	r1, #61440	; 0xf000
700106a8:	e3471001 	movt	r1, #28673	; 0x7001
700106ac:	e3a00000 	mov	r0, #0
700106b0:	e3470008 	movt	r0, #28680	; 0x7008
700106b4:	eb000151 	bl	70010c00 <mapeo>
700106b8:	e3a03032 	mov	r3, #50	; 0x32
700106bc:	e3a02a0e 	mov	r2, #57344	; 0xe000
700106c0:	e3472001 	movt	r2, #28673	; 0x7001
700106c4:	e3a01a0e 	mov	r1, #57344	; 0xe000
700106c8:	e3471001 	movt	r1, #28673	; 0x7001
700106cc:	e3a00000 	mov	r0, #0
700106d0:	e3470008 	movt	r0, #28680	; 0x7008
700106d4:	eb000149 	bl	70010c00 <mapeo>
700106d8:	e3a03032 	mov	r3, #50	; 0x32
700106dc:	e3a02000 	mov	r2, #0
700106e0:	e3472002 	movt	r2, #28674	; 0x7002
700106e4:	e3a01000 	mov	r1, #0
700106e8:	e3471002 	movt	r1, #28674	; 0x7002
700106ec:	e3a00000 	mov	r0, #0
700106f0:	e3470008 	movt	r0, #28680	; 0x7008
700106f4:	eb000141 	bl	70010c00 <mapeo>
700106f8:	e3a03032 	mov	r3, #50	; 0x32
700106fc:	e3a02a0d 	mov	r2, #53248	; 0xd000
70010700:	e3472001 	movt	r2, #28673	; 0x7001
70010704:	e3a01a0d 	mov	r1, #53248	; 0xd000
70010708:	e3471001 	movt	r1, #28673	; 0x7001
7001070c:	e3a00000 	mov	r0, #0
70010710:	e3470008 	movt	r0, #28680	; 0x7008
70010714:	eb000139 	bl	70010c00 <mapeo>
70010718:	e3a03032 	mov	r3, #50	; 0x32
7001071c:	e3a02a01 	mov	r2, #4096	; 0x1000
70010720:	e3472001 	movt	r2, #28673	; 0x7001
70010724:	e3a01a01 	mov	r1, #4096	; 0x1000
70010728:	e3471001 	movt	r1, #28673	; 0x7001
7001072c:	e3a00000 	mov	r0, #0
70010730:	e3470008 	movt	r0, #28680	; 0x7008
70010734:	eb000131 	bl	70010c00 <mapeo>
70010738:	e3a03000 	mov	r3, #0
7001073c:	e3a02a02 	mov	r2, #8192	; 0x2000
70010740:	e3472001 	movt	r2, #28673	; 0x7001
70010744:	e3a01a02 	mov	r1, #8192	; 0x2000
70010748:	e3471001 	movt	r1, #28673	; 0x7001
7001074c:	e3a00000 	mov	r0, #0
70010750:	e3470008 	movt	r0, #28680	; 0x7008
70010754:	eb000129 	bl	70010c00 <mapeo>
70010758:	e3a03032 	mov	r3, #50	; 0x32
7001075c:	e3a02000 	mov	r2, #0
70010760:	e3a01000 	mov	r1, #0
70010764:	e3a00000 	mov	r0, #0
70010768:	e3470008 	movt	r0, #28680	; 0x7008
7001076c:	eb000123 	bl	70010c00 <mapeo>
70010770:	e3a03032 	mov	r3, #50	; 0x32
70010774:	e3a0241e 	mov	r2, #503316480	; 0x1e000000
70010778:	e3a0141e 	mov	r1, #503316480	; 0x1e000000
7001077c:	e3a00000 	mov	r0, #0
70010780:	e3470008 	movt	r0, #28680	; 0x7008
70010784:	eb00011d 	bl	70010c00 <mapeo>
70010788:	e3a03032 	mov	r3, #50	; 0x32
7001078c:	e3a02a01 	mov	r2, #4096	; 0x1000
70010790:	e3412001 	movt	r2, #4097	; 0x1001
70010794:	e3a01a01 	mov	r1, #4096	; 0x1000
70010798:	e3411001 	movt	r1, #4097	; 0x1001
7001079c:	e3a00000 	mov	r0, #0
700107a0:	e3470008 	movt	r0, #28680	; 0x7008
700107a4:	eb000115 	bl	70010c00 <mapeo>
700107a8:	e3a03032 	mov	r3, #50	; 0x32
700107ac:	e3a02202 	mov	r2, #536870912	; 0x20000000
700107b0:	e3a01202 	mov	r1, #536870912	; 0x20000000
700107b4:	e3a00000 	mov	r0, #0
700107b8:	e3470008 	movt	r0, #28680	; 0x7008
700107bc:	eb00010f 	bl	70010c00 <mapeo>
700107c0:	e3001000 	movw	r1, #0
700107c4:	e3471004 	movt	r1, #28676	; 0x7004
700107c8:	e3042000 	movw	r2, #16384	; 0x4000
700107cc:	e3472003 	movt	r2, #28675	; 0x7003
700107d0:	e3a03032 	mov	r3, #50	; 0x32
700107d4:	e3a00000 	mov	r0, #0
700107d8:	e3470008 	movt	r0, #28680	; 0x7008
700107dc:	eb000107 	bl	70010c00 <mapeo>
700107e0:	e30d3004 	movw	r3, #53252	; 0xd004
700107e4:	e3473001 	movt	r3, #28673	; 0x7001
700107e8:	e3a02000 	mov	r2, #0
700107ec:	e5832000 	str	r2, [r3]
700107f0:	e3001000 	movw	r1, #0
700107f4:	e34710f5 	movt	r1, #28917	; 0x70f5
700107f8:	e3002000 	movw	r2, #0
700107fc:	e3482075 	movt	r2, #32885	; 0x8075
70010800:	e3a03022 	mov	r3, #34	; 0x22
70010804:	e3a00902 	mov	r0, #32768	; 0x8000
70010808:	e3470008 	movt	r0, #28680	; 0x7008
7001080c:	eb0000fb 	bl	70010c00 <mapeo>
70010810:	e3031000 	movw	r1, #12288	; 0x3000
70010814:	e34710f5 	movt	r1, #28917	; 0x70f5
70010818:	e3032000 	movw	r2, #12288	; 0x3000
7001081c:	e3482075 	movt	r2, #32885	; 0x8075
70010820:	e3a03022 	mov	r3, #34	; 0x22
70010824:	e3a00902 	mov	r0, #32768	; 0x8000
70010828:	e3470008 	movt	r0, #28680	; 0x7008
7001082c:	eb0000f3 	bl	70010c00 <mapeo>
70010830:	e3011000 	movw	r1, #4096	; 0x1000
70010834:	e34710f5 	movt	r1, #28917	; 0x70f5
70010838:	e3012000 	movw	r2, #4096	; 0x1000
7001083c:	e3482075 	movt	r2, #32885	; 0x8075
70010840:	e3a03022 	mov	r3, #34	; 0x22
70010844:	e3a00902 	mov	r0, #32768	; 0x8000
70010848:	e3470008 	movt	r0, #28680	; 0x7008
7001084c:	eb0000eb 	bl	70010c00 <mapeo>
70010850:	e3021000 	movw	r1, #8192	; 0x2000
70010854:	e34710f5 	movt	r1, #28917	; 0x70f5
70010858:	e3022000 	movw	r2, #8192	; 0x2000
7001085c:	e3482075 	movt	r2, #32885	; 0x8075
70010860:	e3a03032 	mov	r3, #50	; 0x32
70010864:	e3a00902 	mov	r0, #32768	; 0x8000
70010868:	e3470008 	movt	r0, #28680	; 0x7008
7001086c:	eb0000e3 	bl	70010c00 <mapeo>
70010870:	e3001000 	movw	r1, #0
70010874:	e34710a0 	movt	r1, #28832	; 0x70a0
70010878:	e3002000 	movw	r2, #0
7001087c:	e3482000 	movt	r2, #32768	; 0x8000
70010880:	e3a03022 	mov	r3, #34	; 0x22
70010884:	e3a00902 	mov	r0, #32768	; 0x8000
70010888:	e3470008 	movt	r0, #28680	; 0x7008
7001088c:	eb0000db 	bl	70010c00 <mapeo>
70010890:	e3a03032 	mov	r3, #50	; 0x32
70010894:	e3a02000 	mov	r2, #0
70010898:	e3472001 	movt	r2, #28673	; 0x7001
7001089c:	e3a01000 	mov	r1, #0
700108a0:	e3471001 	movt	r1, #28673	; 0x7001
700108a4:	e3a00902 	mov	r0, #32768	; 0x8000
700108a8:	e3470008 	movt	r0, #28680	; 0x7008
700108ac:	eb0000d3 	bl	70010c00 <mapeo>
700108b0:	e3a03032 	mov	r3, #50	; 0x32
700108b4:	e3a02a0f 	mov	r2, #61440	; 0xf000
700108b8:	e3472001 	movt	r2, #28673	; 0x7001
700108bc:	e3a01a0f 	mov	r1, #61440	; 0xf000
700108c0:	e3471001 	movt	r1, #28673	; 0x7001
700108c4:	e3a00902 	mov	r0, #32768	; 0x8000
700108c8:	e3470008 	movt	r0, #28680	; 0x7008
700108cc:	eb0000cb 	bl	70010c00 <mapeo>
700108d0:	e3a03032 	mov	r3, #50	; 0x32
700108d4:	e3a02a0e 	mov	r2, #57344	; 0xe000
700108d8:	e3472001 	movt	r2, #28673	; 0x7001
700108dc:	e3a01a0e 	mov	r1, #57344	; 0xe000
700108e0:	e3471001 	movt	r1, #28673	; 0x7001
700108e4:	e3a00902 	mov	r0, #32768	; 0x8000
700108e8:	e3470008 	movt	r0, #28680	; 0x7008
700108ec:	eb0000c3 	bl	70010c00 <mapeo>
700108f0:	e3a03032 	mov	r3, #50	; 0x32
700108f4:	e3a02000 	mov	r2, #0
700108f8:	e3472002 	movt	r2, #28674	; 0x7002
700108fc:	e3a01000 	mov	r1, #0
70010900:	e3471002 	movt	r1, #28674	; 0x7002
70010904:	e3a00902 	mov	r0, #32768	; 0x8000
70010908:	e3470008 	movt	r0, #28680	; 0x7008
7001090c:	eb0000bb 	bl	70010c00 <mapeo>
70010910:	e3a03032 	mov	r3, #50	; 0x32
70010914:	e3a02a0d 	mov	r2, #53248	; 0xd000
70010918:	e3472001 	movt	r2, #28673	; 0x7001
7001091c:	e3a01a0d 	mov	r1, #53248	; 0xd000
70010920:	e3471001 	movt	r1, #28673	; 0x7001
70010924:	e3a00902 	mov	r0, #32768	; 0x8000
70010928:	e3470008 	movt	r0, #28680	; 0x7008
7001092c:	eb0000b3 	bl	70010c00 <mapeo>
70010930:	e3a03032 	mov	r3, #50	; 0x32
70010934:	e3a02a01 	mov	r2, #4096	; 0x1000
70010938:	e3472001 	movt	r2, #28673	; 0x7001
7001093c:	e3a01a01 	mov	r1, #4096	; 0x1000
70010940:	e3471001 	movt	r1, #28673	; 0x7001
70010944:	e3a00902 	mov	r0, #32768	; 0x8000
70010948:	e3470008 	movt	r0, #28680	; 0x7008
7001094c:	eb0000ab 	bl	70010c00 <mapeo>
70010950:	e3a03032 	mov	r3, #50	; 0x32
70010954:	e3a02a02 	mov	r2, #8192	; 0x2000
70010958:	e3472001 	movt	r2, #28673	; 0x7001
7001095c:	e3a01a02 	mov	r1, #8192	; 0x2000
70010960:	e3471001 	movt	r1, #28673	; 0x7001
70010964:	e3a00902 	mov	r0, #32768	; 0x8000
70010968:	e3470008 	movt	r0, #28680	; 0x7008
7001096c:	eb0000a3 	bl	70010c00 <mapeo>
70010970:	e3a03032 	mov	r3, #50	; 0x32
70010974:	e3a02000 	mov	r2, #0
70010978:	e3a01000 	mov	r1, #0
7001097c:	e3a00902 	mov	r0, #32768	; 0x8000
70010980:	e3470008 	movt	r0, #28680	; 0x7008
70010984:	eb00009d 	bl	70010c00 <mapeo>
70010988:	e3a03032 	mov	r3, #50	; 0x32
7001098c:	e3a0241e 	mov	r2, #503316480	; 0x1e000000
70010990:	e3a0141e 	mov	r1, #503316480	; 0x1e000000
70010994:	e3a00902 	mov	r0, #32768	; 0x8000
70010998:	e3470008 	movt	r0, #28680	; 0x7008
7001099c:	eb000097 	bl	70010c00 <mapeo>
700109a0:	e3a03032 	mov	r3, #50	; 0x32
700109a4:	e3a02a01 	mov	r2, #4096	; 0x1000
700109a8:	e3412001 	movt	r2, #4097	; 0x1001
700109ac:	e3a01a01 	mov	r1, #4096	; 0x1000
700109b0:	e3411001 	movt	r1, #4097	; 0x1001
700109b4:	e3a00902 	mov	r0, #32768	; 0x8000
700109b8:	e3470008 	movt	r0, #28680	; 0x7008
700109bc:	eb00008f 	bl	70010c00 <mapeo>
700109c0:	e3a03032 	mov	r3, #50	; 0x32
700109c4:	e3a02202 	mov	r2, #536870912	; 0x20000000
700109c8:	e3a01202 	mov	r1, #536870912	; 0x20000000
700109cc:	e3a00902 	mov	r0, #32768	; 0x8000
700109d0:	e3470008 	movt	r0, #28680	; 0x7008
700109d4:	eb000089 	bl	70010c00 <mapeo>
700109d8:	e30d3004 	movw	r3, #53252	; 0xd004
700109dc:	e3473001 	movt	r3, #28673	; 0x7001
700109e0:	e3a02000 	mov	r2, #0
700109e4:	e5832000 	str	r2, [r3]
700109e8:	e3001000 	movw	r1, #0
700109ec:	e34710f4 	movt	r1, #28916	; 0x70f4
700109f0:	e3002000 	movw	r2, #0
700109f4:	e3482074 	movt	r2, #32884	; 0x8074
700109f8:	e3a03022 	mov	r3, #34	; 0x22
700109fc:	e3a00000 	mov	r0, #0
70010a00:	e3470009 	movt	r0, #28681	; 0x7009
70010a04:	eb00007d 	bl	70010c00 <mapeo>
70010a08:	e3041000 	movw	r1, #16384	; 0x4000
70010a0c:	e34710f4 	movt	r1, #28916	; 0x70f4
70010a10:	e3032000 	movw	r2, #12288	; 0x3000
70010a14:	e3482074 	movt	r2, #32884	; 0x8074
70010a18:	e3a03022 	mov	r3, #34	; 0x22
70010a1c:	e3a00000 	mov	r0, #0
70010a20:	e3470009 	movt	r0, #28681	; 0x7009
70010a24:	eb000075 	bl	70010c00 <mapeo>
70010a28:	e3011000 	movw	r1, #4096	; 0x1000
70010a2c:	e34710f4 	movt	r1, #28916	; 0x70f4
70010a30:	e3012000 	movw	r2, #4096	; 0x1000
70010a34:	e3482074 	movt	r2, #32884	; 0x8074
70010a38:	e3a03022 	mov	r3, #34	; 0x22
70010a3c:	e3a00000 	mov	r0, #0
70010a40:	e3470009 	movt	r0, #28681	; 0x7009
70010a44:	eb00006d 	bl	70010c00 <mapeo>
70010a48:	e3021000 	movw	r1, #8192	; 0x2000
70010a4c:	e34710f4 	movt	r1, #28916	; 0x70f4
70010a50:	e3022000 	movw	r2, #8192	; 0x2000
70010a54:	e3482074 	movt	r2, #32884	; 0x8074
70010a58:	e3a03032 	mov	r3, #50	; 0x32
70010a5c:	e3a00000 	mov	r0, #0
70010a60:	e3470009 	movt	r0, #28681	; 0x7009
70010a64:	eb000065 	bl	70010c00 <mapeo>
70010a68:	e3001000 	movw	r1, #0
70010a6c:	e34710a1 	movt	r1, #28833	; 0x70a1
70010a70:	e3002000 	movw	r2, #0
70010a74:	e3482001 	movt	r2, #32769	; 0x8001
70010a78:	e3a03022 	mov	r3, #34	; 0x22
70010a7c:	e3a00000 	mov	r0, #0
70010a80:	e3470009 	movt	r0, #28681	; 0x7009
70010a84:	eb00005d 	bl	70010c00 <mapeo>
70010a88:	e3a03032 	mov	r3, #50	; 0x32
70010a8c:	e3a02000 	mov	r2, #0
70010a90:	e3472001 	movt	r2, #28673	; 0x7001
70010a94:	e3a01000 	mov	r1, #0
70010a98:	e3471001 	movt	r1, #28673	; 0x7001
70010a9c:	e3a00000 	mov	r0, #0
70010aa0:	e3470009 	movt	r0, #28681	; 0x7009
70010aa4:	eb000055 	bl	70010c00 <mapeo>
70010aa8:	e3a03032 	mov	r3, #50	; 0x32
70010aac:	e3a02a0f 	mov	r2, #61440	; 0xf000
70010ab0:	e3472001 	movt	r2, #28673	; 0x7001
70010ab4:	e3a01a0f 	mov	r1, #61440	; 0xf000
70010ab8:	e3471001 	movt	r1, #28673	; 0x7001
70010abc:	e3a00000 	mov	r0, #0
70010ac0:	e3470009 	movt	r0, #28681	; 0x7009
70010ac4:	eb00004d 	bl	70010c00 <mapeo>
70010ac8:	e3a03032 	mov	r3, #50	; 0x32
70010acc:	e3a02a0e 	mov	r2, #57344	; 0xe000
70010ad0:	e3472001 	movt	r2, #28673	; 0x7001
70010ad4:	e3a01a0e 	mov	r1, #57344	; 0xe000
70010ad8:	e3471001 	movt	r1, #28673	; 0x7001
70010adc:	e3a00000 	mov	r0, #0
70010ae0:	e3470009 	movt	r0, #28681	; 0x7009
70010ae4:	eb000045 	bl	70010c00 <mapeo>
70010ae8:	e3a03032 	mov	r3, #50	; 0x32
70010aec:	e3a02000 	mov	r2, #0
70010af0:	e3472002 	movt	r2, #28674	; 0x7002
70010af4:	e3a01000 	mov	r1, #0
70010af8:	e3471002 	movt	r1, #28674	; 0x7002
70010afc:	e3a00000 	mov	r0, #0
70010b00:	e3470009 	movt	r0, #28681	; 0x7009
70010b04:	eb00003d 	bl	70010c00 <mapeo>
70010b08:	e3a03032 	mov	r3, #50	; 0x32
70010b0c:	e3a02a0d 	mov	r2, #53248	; 0xd000
70010b10:	e3472001 	movt	r2, #28673	; 0x7001
70010b14:	e3a01a0d 	mov	r1, #53248	; 0xd000
70010b18:	e3471001 	movt	r1, #28673	; 0x7001
70010b1c:	e3a00000 	mov	r0, #0
70010b20:	e3470009 	movt	r0, #28681	; 0x7009
70010b24:	eb000035 	bl	70010c00 <mapeo>
70010b28:	e3a03032 	mov	r3, #50	; 0x32
70010b2c:	e3a02a01 	mov	r2, #4096	; 0x1000
70010b30:	e3472001 	movt	r2, #28673	; 0x7001
70010b34:	e3a01a01 	mov	r1, #4096	; 0x1000
70010b38:	e3471001 	movt	r1, #28673	; 0x7001
70010b3c:	e3a00000 	mov	r0, #0
70010b40:	e3470009 	movt	r0, #28681	; 0x7009
70010b44:	eb00002d 	bl	70010c00 <mapeo>
70010b48:	e3a03032 	mov	r3, #50	; 0x32
70010b4c:	e3a02a02 	mov	r2, #8192	; 0x2000
70010b50:	e3472001 	movt	r2, #28673	; 0x7001
70010b54:	e3a01a02 	mov	r1, #8192	; 0x2000
70010b58:	e3471001 	movt	r1, #28673	; 0x7001
70010b5c:	e3a00000 	mov	r0, #0
70010b60:	e3470009 	movt	r0, #28681	; 0x7009
70010b64:	eb000025 	bl	70010c00 <mapeo>
70010b68:	e3a03032 	mov	r3, #50	; 0x32
70010b6c:	e3a02000 	mov	r2, #0
70010b70:	e3a01000 	mov	r1, #0
70010b74:	e3a00000 	mov	r0, #0
70010b78:	e3470009 	movt	r0, #28681	; 0x7009
70010b7c:	eb00001f 	bl	70010c00 <mapeo>
70010b80:	e3a03032 	mov	r3, #50	; 0x32
70010b84:	e3a0241e 	mov	r2, #503316480	; 0x1e000000
70010b88:	e3a0141e 	mov	r1, #503316480	; 0x1e000000
70010b8c:	e3a00000 	mov	r0, #0
70010b90:	e3470009 	movt	r0, #28681	; 0x7009
70010b94:	eb000019 	bl	70010c00 <mapeo>
70010b98:	e3a03032 	mov	r3, #50	; 0x32
70010b9c:	e3a02a01 	mov	r2, #4096	; 0x1000
70010ba0:	e3412001 	movt	r2, #4097	; 0x1001
70010ba4:	e3a01a01 	mov	r1, #4096	; 0x1000
70010ba8:	e3411001 	movt	r1, #4097	; 0x1001
70010bac:	e3a00000 	mov	r0, #0
70010bb0:	e3470009 	movt	r0, #28681	; 0x7009
70010bb4:	eb000011 	bl	70010c00 <mapeo>
70010bb8:	e3a03032 	mov	r3, #50	; 0x32
70010bbc:	e3a02202 	mov	r2, #536870912	; 0x20000000
70010bc0:	e3a01202 	mov	r1, #536870912	; 0x20000000
70010bc4:	e3a00000 	mov	r0, #0
70010bc8:	e3470009 	movt	r0, #28681	; 0x7009
70010bcc:	eb00000b 	bl	70010c00 <mapeo>
70010bd0:	e30d3004 	movw	r3, #53252	; 0xd004
70010bd4:	e3473001 	movt	r3, #28673	; 0x7001
70010bd8:	e3a02000 	mov	r2, #0
70010bdc:	e5832000 	str	r2, [r3]
70010be0:	e59f0010 	ldr	r0, [pc, #16]	; 70010bf8 <__board_init+0x6f4>
70010be4:	ee020f10 	mcr	15, 0, r0, cr2, cr0, {0}
70010be8:	e59f000c 	ldr	r0, [pc, #12]	; 70010bfc <__board_init+0x6f8>
70010bec:	ee030f10 	mcr	15, 0, r0, cr3, cr0, {0}
70010bf0:	e320f000 	nop	{0}
70010bf4:	e8bd8800 	pop	{fp, pc}
70010bf8:	70080000 	andvc	r0, r8, r0
70010bfc:	55555555 	ldrbpl	r5, [r5, #-1365]	; 0xfffffaab

70010c00 <mapeo>:
70010c00:	e52db004 	push	{fp}		; (str fp, [sp, #-4]!)
70010c04:	e28db000 	add	fp, sp, #0
70010c08:	e24dd03c 	sub	sp, sp, #60	; 0x3c
70010c0c:	e50b0030 	str	r0, [fp, #-48]	; 0xffffffd0
70010c10:	e50b1034 	str	r1, [fp, #-52]	; 0xffffffcc
70010c14:	e50b2038 	str	r2, [fp, #-56]	; 0xffffffc8
70010c18:	e50b303c 	str	r3, [fp, #-60]	; 0xffffffc4
70010c1c:	e3a0301e 	mov	r3, #30
70010c20:	e50b3008 	str	r3, [fp, #-8]
70010c24:	e51b3034 	ldr	r3, [fp, #-52]	; 0xffffffcc
70010c28:	e1a03a23 	lsr	r3, r3, #20
70010c2c:	e50b300c 	str	r3, [fp, #-12]
70010c30:	e51b3034 	ldr	r3, [fp, #-52]	; 0xffffffcc
70010c34:	e1a03623 	lsr	r3, r3, #12
70010c38:	e6ef3073 	uxtb	r3, r3
70010c3c:	e50b3010 	str	r3, [fp, #-16]
70010c40:	e51b300c 	ldr	r3, [fp, #-12]
70010c44:	e1a02103 	lsl	r2, r3, #2
70010c48:	e51b3030 	ldr	r3, [fp, #-48]	; 0xffffffd0
70010c4c:	e0823003 	add	r3, r2, r3
70010c50:	e50b3014 	str	r3, [fp, #-20]	; 0xffffffec
70010c54:	e51b3014 	ldr	r3, [fp, #-20]	; 0xffffffec
70010c58:	e5933000 	ldr	r3, [r3]
70010c5c:	e2033003 	and	r3, r3, #3
70010c60:	e3530001 	cmp	r3, #1
70010c64:	0a000033 	beq	70010d38 <mapeo+0x138>
70010c68:	e30d3004 	movw	r3, #53252	; 0xd004
70010c6c:	e3473001 	movt	r3, #28673	; 0x7001
70010c70:	e5933000 	ldr	r3, [r3]
70010c74:	e3530013 	cmp	r3, #19
70010c78:	ca000046 	bgt	70010d98 <mapeo+0x198>
70010c7c:	e30d3004 	movw	r3, #53252	; 0xd004
70010c80:	e3473001 	movt	r3, #28673	; 0x7001
70010c84:	e5933000 	ldr	r3, [r3]
70010c88:	e1a03503 	lsl	r3, r3, #10
70010c8c:	e1a02003 	mov	r2, r3
70010c90:	e51b3030 	ldr	r3, [fp, #-48]	; 0xffffffd0
70010c94:	e0823003 	add	r3, r2, r3
70010c98:	e2833901 	add	r3, r3, #16384	; 0x4000
70010c9c:	e50b3024 	str	r3, [fp, #-36]	; 0xffffffdc
70010ca0:	e51b3024 	ldr	r3, [fp, #-36]	; 0xffffffdc
70010ca4:	e3c33fff 	bic	r3, r3, #1020	; 0x3fc
70010ca8:	e3c33003 	bic	r3, r3, #3
70010cac:	e51b200c 	ldr	r2, [fp, #-12]
70010cb0:	e1a02102 	lsl	r2, r2, #2
70010cb4:	e51b1030 	ldr	r1, [fp, #-48]	; 0xffffffd0
70010cb8:	e0812002 	add	r2, r1, r2
70010cbc:	e3833001 	orr	r3, r3, #1
70010cc0:	e5823000 	str	r3, [r2]
70010cc4:	e30d3004 	movw	r3, #53252	; 0xd004
70010cc8:	e3473001 	movt	r3, #28673	; 0x7001
70010ccc:	e5933000 	ldr	r3, [r3]
70010cd0:	e2832001 	add	r2, r3, #1
70010cd4:	e30d3004 	movw	r3, #53252	; 0xd004
70010cd8:	e3473001 	movt	r3, #28673	; 0x7001
70010cdc:	e5832000 	str	r2, [r3]
70010ce0:	e30d3004 	movw	r3, #53252	; 0xd004
70010ce4:	e3473001 	movt	r3, #28673	; 0x7001
70010ce8:	e5933000 	ldr	r3, [r3]
70010cec:	e2433001 	sub	r3, r3, #1
70010cf0:	e1a03503 	lsl	r3, r3, #10
70010cf4:	e1a02003 	mov	r2, r3
70010cf8:	e51b3030 	ldr	r3, [fp, #-48]	; 0xffffffd0
70010cfc:	e0822003 	add	r2, r2, r3
70010d00:	e51b3010 	ldr	r3, [fp, #-16]
70010d04:	e1a03103 	lsl	r3, r3, #2
70010d08:	e0823003 	add	r3, r2, r3
70010d0c:	e2833901 	add	r3, r3, #16384	; 0x4000
70010d10:	e50b3028 	str	r3, [fp, #-40]	; 0xffffffd8
70010d14:	e51b3038 	ldr	r3, [fp, #-56]	; 0xffffffc8
70010d18:	e3c33eff 	bic	r3, r3, #4080	; 0xff0
70010d1c:	e3c3300f 	bic	r3, r3, #15
70010d20:	e51b203c 	ldr	r2, [fp, #-60]	; 0xffffffc4
70010d24:	e7eb2052 	ubfx	r2, r2, #0, #12
70010d28:	e1832002 	orr	r2, r3, r2
70010d2c:	e51b3028 	ldr	r3, [fp, #-40]	; 0xffffffd8
70010d30:	e5832000 	str	r2, [r3]
70010d34:	ea000018 	b	70010d9c <mapeo+0x19c>
70010d38:	e51b300c 	ldr	r3, [fp, #-12]
70010d3c:	e1a02103 	lsl	r2, r3, #2
70010d40:	e51b3030 	ldr	r3, [fp, #-48]	; 0xffffffd0
70010d44:	e0823003 	add	r3, r2, r3
70010d48:	e50b3018 	str	r3, [fp, #-24]	; 0xffffffe8
70010d4c:	e51b3018 	ldr	r3, [fp, #-24]	; 0xffffffe8
70010d50:	e5933000 	ldr	r3, [r3]
70010d54:	e3c33fff 	bic	r3, r3, #1020	; 0x3fc
70010d58:	e3c33003 	bic	r3, r3, #3
70010d5c:	e50b301c 	str	r3, [fp, #-28]	; 0xffffffe4
70010d60:	e51b3010 	ldr	r3, [fp, #-16]
70010d64:	e1a03103 	lsl	r3, r3, #2
70010d68:	e51b201c 	ldr	r2, [fp, #-28]	; 0xffffffe4
70010d6c:	e0823003 	add	r3, r2, r3
70010d70:	e50b3020 	str	r3, [fp, #-32]	; 0xffffffe0
70010d74:	e51b3038 	ldr	r3, [fp, #-56]	; 0xffffffc8
70010d78:	e3c33eff 	bic	r3, r3, #4080	; 0xff0
70010d7c:	e3c3300f 	bic	r3, r3, #15
70010d80:	e51b203c 	ldr	r2, [fp, #-60]	; 0xffffffc4
70010d84:	e7eb2052 	ubfx	r2, r2, #0, #12
70010d88:	e1832002 	orr	r2, r3, r2
70010d8c:	e51b3020 	ldr	r3, [fp, #-32]	; 0xffffffe0
70010d90:	e5832000 	str	r2, [r3]
70010d94:	ea000000 	b	70010d9c <mapeo+0x19c>
70010d98:	e320f000 	nop	{0}
70010d9c:	e28bd000 	add	sp, fp, #0
70010da0:	e49db004 	pop	{fp}		; (ldr fp, [sp], #4)
70010da4:	e12fff1e 	bx	lr

70010da8 <__timer_init>:
70010da8:	e52db004 	push	{fp}		; (str fp, [sp, #-4]!)
70010dac:	e28db000 	add	fp, sp, #0
70010db0:	e24dd00c 	sub	sp, sp, #12
70010db4:	e3a03a01 	mov	r3, #4096	; 0x1000
70010db8:	e3413001 	movt	r3, #4097	; 0x1001
70010dbc:	e50b3008 	str	r3, [fp, #-8]
70010dc0:	e51b3008 	ldr	r3, [fp, #-8]
70010dc4:	e3a02801 	mov	r2, #65536	; 0x10000
70010dc8:	e5832000 	str	r2, [r3]
70010dcc:	e51b3008 	ldr	r3, [fp, #-8]
70010dd0:	e3a02002 	mov	r2, #2
70010dd4:	e5832008 	str	r2, [r3, #8]
70010dd8:	e51b3008 	ldr	r3, [fp, #-8]
70010ddc:	e5933008 	ldr	r3, [r3, #8]
70010de0:	e3832040 	orr	r2, r3, #64	; 0x40
70010de4:	e51b3008 	ldr	r3, [fp, #-8]
70010de8:	e5832008 	str	r2, [r3, #8]
70010dec:	e51b3008 	ldr	r3, [fp, #-8]
70010df0:	e5933008 	ldr	r3, [r3, #8]
70010df4:	e3832020 	orr	r2, r3, #32
70010df8:	e51b3008 	ldr	r3, [fp, #-8]
70010dfc:	e5832008 	str	r2, [r3, #8]
70010e00:	e51b3008 	ldr	r3, [fp, #-8]
70010e04:	e5933008 	ldr	r3, [r3, #8]
70010e08:	e3832080 	orr	r2, r3, #128	; 0x80
70010e0c:	e51b3008 	ldr	r3, [fp, #-8]
70010e10:	e5832008 	str	r2, [r3, #8]
70010e14:	e320f000 	nop	{0}
70010e18:	e28bd000 	add	sp, fp, #0
70010e1c:	e49db004 	pop	{fp}		; (ldr fp, [sp], #4)
70010e20:	e12fff1e 	bx	lr

70010e24 <__gic_init>:
70010e24:	e52db004 	push	{fp}		; (str fp, [sp, #-4]!)
70010e28:	e28db000 	add	fp, sp, #0
70010e2c:	e24dd00c 	sub	sp, sp, #12
70010e30:	e3a0341e 	mov	r3, #503316480	; 0x1e000000
70010e34:	e50b3008 	str	r3, [fp, #-8]
70010e38:	e3a03a01 	mov	r3, #4096	; 0x1000
70010e3c:	e3413e00 	movt	r3, #7680	; 0x1e00
70010e40:	e50b300c 	str	r3, [fp, #-12]
70010e44:	e51b3008 	ldr	r3, [fp, #-8]
70010e48:	e3a020f0 	mov	r2, #240	; 0xf0
70010e4c:	e5832004 	str	r2, [r3, #4]
70010e50:	e51b300c 	ldr	r3, [fp, #-12]
70010e54:	e5933104 	ldr	r3, [r3, #260]	; 0x104
70010e58:	e3832010 	orr	r2, r3, #16
70010e5c:	e51b300c 	ldr	r3, [fp, #-12]
70010e60:	e5832104 	str	r2, [r3, #260]	; 0x104
70010e64:	e51b300c 	ldr	r3, [fp, #-12]
70010e68:	e5933104 	ldr	r3, [r3, #260]	; 0x104
70010e6c:	e3832a01 	orr	r2, r3, #4096	; 0x1000
70010e70:	e51b300c 	ldr	r3, [fp, #-12]
70010e74:	e5832104 	str	r2, [r3, #260]	; 0x104
70010e78:	e51b3008 	ldr	r3, [fp, #-8]
70010e7c:	e3a02001 	mov	r2, #1
70010e80:	e5832000 	str	r2, [r3]
70010e84:	e51b300c 	ldr	r3, [fp, #-12]
70010e88:	e3a02001 	mov	r2, #1
70010e8c:	e5832000 	str	r2, [r3]
70010e90:	e320f000 	nop	{0}
70010e94:	e28bd000 	add	sp, fp, #0
70010e98:	e49db004 	pop	{fp}		; (ldr fp, [sp], #4)
70010e9c:	e12fff1e 	bx	lr

70010ea0 <memcopy>:
70010ea0:	e52db004 	push	{fp}		; (str fp, [sp, #-4]!)
70010ea4:	e28db000 	add	fp, sp, #0
70010ea8:	e24dd01c 	sub	sp, sp, #28
70010eac:	e50b0010 	str	r0, [fp, #-16]
70010eb0:	e50b1014 	str	r1, [fp, #-20]	; 0xffffffec
70010eb4:	e50b2018 	str	r2, [fp, #-24]	; 0xffffffe8
70010eb8:	e51b3014 	ldr	r3, [fp, #-20]	; 0xffffffec
70010ebc:	e50b3008 	str	r3, [fp, #-8]
70010ec0:	e3a03000 	mov	r3, #0
70010ec4:	e50b300c 	str	r3, [fp, #-12]
70010ec8:	ea00000c 	b	70010f00 <memcopy+0x60>
70010ecc:	e51b300c 	ldr	r3, [fp, #-12]
70010ed0:	e1a03103 	lsl	r3, r3, #2
70010ed4:	e51b2010 	ldr	r2, [fp, #-16]
70010ed8:	e0823003 	add	r3, r2, r3
70010edc:	e51b2008 	ldr	r2, [fp, #-8]
70010ee0:	e5922000 	ldr	r2, [r2]
70010ee4:	e5832000 	str	r2, [r3]
70010ee8:	e51b3008 	ldr	r3, [fp, #-8]
70010eec:	e2833004 	add	r3, r3, #4
70010ef0:	e50b3008 	str	r3, [fp, #-8]
70010ef4:	e51b300c 	ldr	r3, [fp, #-12]
70010ef8:	e2833001 	add	r3, r3, #1
70010efc:	e50b300c 	str	r3, [fp, #-12]
70010f00:	e51b3018 	ldr	r3, [fp, #-24]	; 0xffffffe8
70010f04:	e1a03123 	lsr	r3, r3, #2
70010f08:	e51b200c 	ldr	r2, [fp, #-12]
70010f0c:	e1520003 	cmp	r2, r3
70010f10:	3affffed 	bcc	70010ecc <memcopy+0x2c>
70010f14:	e320f000 	nop	{0}
70010f18:	e28bd000 	add	sp, fp, #0
70010f1c:	e49db004 	pop	{fp}		; (ldr fp, [sp], #4)
70010f20:	e12fff1e 	bx	lr

70010f24 <TCB_init>:
70010f24:	e52db004 	push	{fp}		; (str fp, [sp, #-4]!)
70010f28:	e28db000 	add	fp, sp, #0
70010f2c:	e24dd024 	sub	sp, sp, #36	; 0x24
70010f30:	e3a03000 	mov	r3, #0
70010f34:	e50b3008 	str	r3, [fp, #-8]
70010f38:	e30d305c 	movw	r3, #53340	; 0xd05c
70010f3c:	e3473001 	movt	r3, #28673	; 0x7001
70010f40:	e3a02000 	mov	r2, #0
70010f44:	e5832000 	str	r2, [r3]
70010f48:	e30d305c 	movw	r3, #53340	; 0xd05c
70010f4c:	e3473001 	movt	r3, #28673	; 0x7001
70010f50:	e3a02000 	mov	r2, #0
70010f54:	e5832004 	str	r2, [r3, #4]
70010f58:	e3003000 	movw	r3, #0
70010f5c:	e3473004 	movt	r3, #28676	; 0x7004
70010f60:	e50b300c 	str	r3, [fp, #-12]
70010f64:	e3003000 	movw	r3, #0
70010f68:	e34730f5 	movt	r3, #28917	; 0x70f5
70010f6c:	e50b3010 	str	r3, [fp, #-16]
70010f70:	e3003000 	movw	r3, #0
70010f74:	e34730f4 	movt	r3, #28916	; 0x70f4
70010f78:	e50b3014 	str	r3, [fp, #-20]	; 0xffffffec
70010f7c:	e30d3008 	movw	r3, #53256	; 0xd008
70010f80:	e3473001 	movt	r3, #28673	; 0x7001
70010f84:	e3002100 	movw	r2, #256	; 0x100
70010f88:	e3472002 	movt	r2, #28674	; 0x7002
70010f8c:	e5832000 	str	r2, [r3]
70010f90:	e30d3008 	movw	r3, #53256	; 0xd008
70010f94:	e3473001 	movt	r3, #28673	; 0x7001
70010f98:	e3022400 	movw	r2, #9216	; 0x2400
70010f9c:	e34720f5 	movt	r2, #28917	; 0x70f5
70010fa0:	e583201c 	str	r2, [r3, #28]
70010fa4:	e30d3008 	movw	r3, #53256	; 0xd008
70010fa8:	e3473001 	movt	r3, #28673	; 0x7001
70010fac:	e3022400 	movw	r2, #9216	; 0x2400
70010fb0:	e34720f4 	movt	r2, #28916	; 0x70f4
70010fb4:	e5832038 	str	r2, [r3, #56]	; 0x38
70010fb8:	e30d3008 	movw	r3, #53256	; 0xd008
70010fbc:	e3473001 	movt	r3, #28673	; 0x7001
70010fc0:	e3002580 	movw	r2, #1408	; 0x580
70010fc4:	e3472002 	movt	r2, #28674	; 0x7002
70010fc8:	e5832004 	str	r2, [r3, #4]
70010fcc:	e30d3008 	movw	r3, #53256	; 0xd008
70010fd0:	e3473001 	movt	r3, #28673	; 0x7001
70010fd4:	e3022800 	movw	r2, #10240	; 0x2800
70010fd8:	e34720f5 	movt	r2, #28917	; 0x70f5
70010fdc:	e5832020 	str	r2, [r3, #32]
70010fe0:	e30d3008 	movw	r3, #53256	; 0xd008
70010fe4:	e3473001 	movt	r3, #28673	; 0x7001
70010fe8:	e3022800 	movw	r2, #10240	; 0x2800
70010fec:	e34720f4 	movt	r2, #28916	; 0x70f4
70010ff0:	e583203c 	str	r2, [r3, #60]	; 0x3c
70010ff4:	e30d3008 	movw	r3, #53256	; 0xd008
70010ff8:	e3473001 	movt	r3, #28673	; 0x7001
70010ffc:	e3a02000 	mov	r2, #0
70011000:	e5832018 	str	r2, [r3, #24]
70011004:	e30d3008 	movw	r3, #53256	; 0xd008
70011008:	e3473001 	movt	r3, #28673	; 0x7001
7001100c:	e3022d80 	movw	r2, #11648	; 0x2d80
70011010:	e34720f5 	movt	r2, #28917	; 0x70f5
70011014:	e5832034 	str	r2, [r3, #52]	; 0x34
70011018:	e30d3008 	movw	r3, #53256	; 0xd008
7001101c:	e3473001 	movt	r3, #28673	; 0x7001
70011020:	e3022d80 	movw	r2, #11648	; 0x2d80
70011024:	e34720f4 	movt	r2, #28916	; 0x70f4
70011028:	e5832050 	str	r2, [r3, #80]	; 0x50
7001102c:	e30d3008 	movw	r3, #53256	; 0xd008
70011030:	e3473001 	movt	r3, #28673	; 0x7001
70011034:	e51b200c 	ldr	r2, [fp, #-12]
70011038:	e5832008 	str	r2, [r3, #8]
7001103c:	e30d3008 	movw	r3, #53256	; 0xd008
70011040:	e3473001 	movt	r3, #28673	; 0x7001
70011044:	e51b2010 	ldr	r2, [fp, #-16]
70011048:	e5832024 	str	r2, [r3, #36]	; 0x24
7001104c:	e30d3008 	movw	r3, #53256	; 0xd008
70011050:	e3473001 	movt	r3, #28673	; 0x7001
70011054:	e51b2014 	ldr	r2, [fp, #-20]	; 0xffffffec
70011058:	e5832040 	str	r2, [r3, #64]	; 0x40
7001105c:	e30d3008 	movw	r3, #53256	; 0xd008
70011060:	e3473001 	movt	r3, #28673	; 0x7001
70011064:	e3a02008 	mov	r2, #8
70011068:	e583200c 	str	r2, [r3, #12]
7001106c:	e30d3008 	movw	r3, #53256	; 0xd008
70011070:	e3473001 	movt	r3, #28673	; 0x7001
70011074:	e3a02001 	mov	r2, #1
70011078:	e5832028 	str	r2, [r3, #40]	; 0x28
7001107c:	e30d3008 	movw	r3, #53256	; 0xd008
70011080:	e3473001 	movt	r3, #28673	; 0x7001
70011084:	e3a02001 	mov	r2, #1
70011088:	e5832044 	str	r2, [r3, #68]	; 0x44
7001108c:	e30d3008 	movw	r3, #53256	; 0xd008
70011090:	e3473001 	movt	r3, #28673	; 0x7001
70011094:	e3a02000 	mov	r2, #0
70011098:	e5832010 	str	r2, [r3, #16]
7001109c:	e30d3008 	movw	r3, #53256	; 0xd008
700110a0:	e3473001 	movt	r3, #28673	; 0x7001
700110a4:	e3a02001 	mov	r2, #1
700110a8:	e583202c 	str	r2, [r3, #44]	; 0x2c
700110ac:	e30d3008 	movw	r3, #53256	; 0xd008
700110b0:	e3473001 	movt	r3, #28673	; 0x7001
700110b4:	e3a02002 	mov	r2, #2
700110b8:	e5832048 	str	r2, [r3, #72]	; 0x48
700110bc:	e30d3008 	movw	r3, #53256	; 0xd008
700110c0:	e3473001 	movt	r3, #28673	; 0x7001
700110c4:	e5933000 	ldr	r3, [r3]
700110c8:	e2432004 	sub	r2, r3, #4
700110cc:	e30d3008 	movw	r3, #53256	; 0xd008
700110d0:	e3473001 	movt	r3, #28673	; 0x7001
700110d4:	e5832000 	str	r2, [r3]
700110d8:	e30d3008 	movw	r3, #53256	; 0xd008
700110dc:	e3473001 	movt	r3, #28673	; 0x7001
700110e0:	e5933000 	ldr	r3, [r3]
700110e4:	e51b200c 	ldr	r2, [fp, #-12]
700110e8:	e5832000 	str	r2, [r3]
700110ec:	e30d3008 	movw	r3, #53256	; 0xd008
700110f0:	e3473001 	movt	r3, #28673	; 0x7001
700110f4:	e593301c 	ldr	r3, [r3, #28]
700110f8:	e2432004 	sub	r2, r3, #4
700110fc:	e30d3008 	movw	r3, #53256	; 0xd008
70011100:	e3473001 	movt	r3, #28673	; 0x7001
70011104:	e583201c 	str	r2, [r3, #28]
70011108:	e30d3008 	movw	r3, #53256	; 0xd008
7001110c:	e3473001 	movt	r3, #28673	; 0x7001
70011110:	e593301c 	ldr	r3, [r3, #28]
70011114:	e51b2010 	ldr	r2, [fp, #-16]
70011118:	e5832000 	str	r2, [r3]
7001111c:	e30d3008 	movw	r3, #53256	; 0xd008
70011120:	e3473001 	movt	r3, #28673	; 0x7001
70011124:	e5933038 	ldr	r3, [r3, #56]	; 0x38
70011128:	e2432004 	sub	r2, r3, #4
7001112c:	e30d3008 	movw	r3, #53256	; 0xd008
70011130:	e3473001 	movt	r3, #28673	; 0x7001
70011134:	e5832038 	str	r2, [r3, #56]	; 0x38
70011138:	e30d3008 	movw	r3, #53256	; 0xd008
7001113c:	e3473001 	movt	r3, #28673	; 0x7001
70011140:	e5933038 	ldr	r3, [r3, #56]	; 0x38
70011144:	e51b2014 	ldr	r2, [fp, #-20]	; 0xffffffec
70011148:	e5832000 	str	r2, [r3]
7001114c:	e3a03000 	mov	r3, #0
70011150:	e50b3008 	str	r3, [fp, #-8]
70011154:	ea000026 	b	700111f4 <TCB_init+0x2d0>
70011158:	e30d3008 	movw	r3, #53256	; 0xd008
7001115c:	e3473001 	movt	r3, #28673	; 0x7001
70011160:	e5933000 	ldr	r3, [r3]
70011164:	e2432004 	sub	r2, r3, #4
70011168:	e30d3008 	movw	r3, #53256	; 0xd008
7001116c:	e3473001 	movt	r3, #28673	; 0x7001
70011170:	e5832000 	str	r2, [r3]
70011174:	e30d3008 	movw	r3, #53256	; 0xd008
70011178:	e3473001 	movt	r3, #28673	; 0x7001
7001117c:	e5933000 	ldr	r3, [r3]
70011180:	e3a02000 	mov	r2, #0
70011184:	e5832000 	str	r2, [r3]
70011188:	e30d3008 	movw	r3, #53256	; 0xd008
7001118c:	e3473001 	movt	r3, #28673	; 0x7001
70011190:	e593301c 	ldr	r3, [r3, #28]
70011194:	e2432004 	sub	r2, r3, #4
70011198:	e30d3008 	movw	r3, #53256	; 0xd008
7001119c:	e3473001 	movt	r3, #28673	; 0x7001
700111a0:	e583201c 	str	r2, [r3, #28]
700111a4:	e30d3008 	movw	r3, #53256	; 0xd008
700111a8:	e3473001 	movt	r3, #28673	; 0x7001
700111ac:	e593301c 	ldr	r3, [r3, #28]
700111b0:	e3a02000 	mov	r2, #0
700111b4:	e5832000 	str	r2, [r3]
700111b8:	e30d3008 	movw	r3, #53256	; 0xd008
700111bc:	e3473001 	movt	r3, #28673	; 0x7001
700111c0:	e5933038 	ldr	r3, [r3, #56]	; 0x38
700111c4:	e2432004 	sub	r2, r3, #4
700111c8:	e30d3008 	movw	r3, #53256	; 0xd008
700111cc:	e3473001 	movt	r3, #28673	; 0x7001
700111d0:	e5832038 	str	r2, [r3, #56]	; 0x38
700111d4:	e30d3008 	movw	r3, #53256	; 0xd008
700111d8:	e3473001 	movt	r3, #28673	; 0x7001
700111dc:	e5933038 	ldr	r3, [r3, #56]	; 0x38
700111e0:	e3a02000 	mov	r2, #0
700111e4:	e5832000 	str	r2, [r3]
700111e8:	e51b3008 	ldr	r3, [fp, #-8]
700111ec:	e2833001 	add	r3, r3, #1
700111f0:	e50b3008 	str	r3, [fp, #-8]
700111f4:	e51b3008 	ldr	r3, [fp, #-8]
700111f8:	e353000c 	cmp	r3, #12
700111fc:	daffffd5 	ble	70011158 <TCB_init+0x234>
70011200:	e30d3008 	movw	r3, #53256	; 0xd008
70011204:	e3473001 	movt	r3, #28673	; 0x7001
70011208:	e5933000 	ldr	r3, [r3]
7001120c:	e50b3018 	str	r3, [fp, #-24]	; 0xffffffe8
70011210:	e30d3008 	movw	r3, #53256	; 0xd008
70011214:	e3473001 	movt	r3, #28673	; 0x7001
70011218:	e593301c 	ldr	r3, [r3, #28]
7001121c:	e50b301c 	str	r3, [fp, #-28]	; 0xffffffe4
70011220:	e30d3008 	movw	r3, #53256	; 0xd008
70011224:	e3473001 	movt	r3, #28673	; 0x7001
70011228:	e5933038 	ldr	r3, [r3, #56]	; 0x38
7001122c:	e50b3020 	str	r3, [fp, #-32]	; 0xffffffe0
70011230:	e10f3000 	mrs	r3, CPSR
70011234:	e50b3024 	str	r3, [fp, #-36]	; 0xffffffdc
70011238:	e51b3024 	ldr	r3, [fp, #-36]	; 0xffffffdc
7001123c:	e3c33080 	bic	r3, r3, #128	; 0x80
70011240:	e50b3024 	str	r3, [fp, #-36]	; 0xffffffdc
70011244:	e30d3008 	movw	r3, #53256	; 0xd008
70011248:	e3473001 	movt	r3, #28673	; 0x7001
7001124c:	e5933000 	ldr	r3, [r3]
70011250:	e2432004 	sub	r2, r3, #4
70011254:	e30d3008 	movw	r3, #53256	; 0xd008
70011258:	e3473001 	movt	r3, #28673	; 0x7001
7001125c:	e5832000 	str	r2, [r3]
70011260:	e30d3008 	movw	r3, #53256	; 0xd008
70011264:	e3473001 	movt	r3, #28673	; 0x7001
70011268:	e5933000 	ldr	r3, [r3]
7001126c:	e51b2024 	ldr	r2, [fp, #-36]	; 0xffffffdc
70011270:	e5832000 	str	r2, [r3]
70011274:	e51b3024 	ldr	r3, [fp, #-36]	; 0xffffffdc
70011278:	e3c330df 	bic	r3, r3, #223	; 0xdf
7001127c:	e50b3024 	str	r3, [fp, #-36]	; 0xffffffdc
70011280:	e51b3024 	ldr	r3, [fp, #-36]	; 0xffffffdc
70011284:	e3833010 	orr	r3, r3, #16
70011288:	e50b3024 	str	r3, [fp, #-36]	; 0xffffffdc
7001128c:	e30d3008 	movw	r3, #53256	; 0xd008
70011290:	e3473001 	movt	r3, #28673	; 0x7001
70011294:	e593301c 	ldr	r3, [r3, #28]
70011298:	e2432004 	sub	r2, r3, #4
7001129c:	e30d3008 	movw	r3, #53256	; 0xd008
700112a0:	e3473001 	movt	r3, #28673	; 0x7001
700112a4:	e583201c 	str	r2, [r3, #28]
700112a8:	e30d3008 	movw	r3, #53256	; 0xd008
700112ac:	e3473001 	movt	r3, #28673	; 0x7001
700112b0:	e593301c 	ldr	r3, [r3, #28]
700112b4:	e51b2024 	ldr	r2, [fp, #-36]	; 0xffffffdc
700112b8:	e5832000 	str	r2, [r3]
700112bc:	e30d3008 	movw	r3, #53256	; 0xd008
700112c0:	e3473001 	movt	r3, #28673	; 0x7001
700112c4:	e5933038 	ldr	r3, [r3, #56]	; 0x38
700112c8:	e2432004 	sub	r2, r3, #4
700112cc:	e30d3008 	movw	r3, #53256	; 0xd008
700112d0:	e3473001 	movt	r3, #28673	; 0x7001
700112d4:	e5832038 	str	r2, [r3, #56]	; 0x38
700112d8:	e30d3008 	movw	r3, #53256	; 0xd008
700112dc:	e3473001 	movt	r3, #28673	; 0x7001
700112e0:	e5933038 	ldr	r3, [r3, #56]	; 0x38
700112e4:	e51b2024 	ldr	r2, [fp, #-36]	; 0xffffffdc
700112e8:	e5832000 	str	r2, [r3]
700112ec:	e30d3008 	movw	r3, #53256	; 0xd008
700112f0:	e3473001 	movt	r3, #28673	; 0x7001
700112f4:	e5933000 	ldr	r3, [r3]
700112f8:	e2432004 	sub	r2, r3, #4
700112fc:	e30d3008 	movw	r3, #53256	; 0xd008
70011300:	e3473001 	movt	r3, #28673	; 0x7001
70011304:	e5832000 	str	r2, [r3]
70011308:	e30d3008 	movw	r3, #53256	; 0xd008
7001130c:	e3473001 	movt	r3, #28673	; 0x7001
70011310:	e5933000 	ldr	r3, [r3]
70011314:	e51b2018 	ldr	r2, [fp, #-24]	; 0xffffffe8
70011318:	e5832000 	str	r2, [r3]
7001131c:	e30d3008 	movw	r3, #53256	; 0xd008
70011320:	e3473001 	movt	r3, #28673	; 0x7001
70011324:	e593301c 	ldr	r3, [r3, #28]
70011328:	e2432004 	sub	r2, r3, #4
7001132c:	e30d3008 	movw	r3, #53256	; 0xd008
70011330:	e3473001 	movt	r3, #28673	; 0x7001
70011334:	e583201c 	str	r2, [r3, #28]
70011338:	e30d3008 	movw	r3, #53256	; 0xd008
7001133c:	e3473001 	movt	r3, #28673	; 0x7001
70011340:	e593301c 	ldr	r3, [r3, #28]
70011344:	e51b201c 	ldr	r2, [fp, #-28]	; 0xffffffe4
70011348:	e5832000 	str	r2, [r3]
7001134c:	e30d3008 	movw	r3, #53256	; 0xd008
70011350:	e3473001 	movt	r3, #28673	; 0x7001
70011354:	e5933038 	ldr	r3, [r3, #56]	; 0x38
70011358:	e2432004 	sub	r2, r3, #4
7001135c:	e30d3008 	movw	r3, #53256	; 0xd008
70011360:	e3473001 	movt	r3, #28673	; 0x7001
70011364:	e5832038 	str	r2, [r3, #56]	; 0x38
70011368:	e30d3008 	movw	r3, #53256	; 0xd008
7001136c:	e3473001 	movt	r3, #28673	; 0x7001
70011370:	e5933038 	ldr	r3, [r3, #56]	; 0x38
70011374:	e51b2020 	ldr	r2, [fp, #-32]	; 0xffffffe0
70011378:	e5832000 	str	r2, [r3]
7001137c:	e30d2008 	movw	r2, #53256	; 0xd008
70011380:	e3472001 	movt	r2, #28673	; 0x7001
70011384:	e3a03000 	mov	r3, #0
70011388:	e3473008 	movt	r3, #28680	; 0x7008
7001138c:	e5823014 	str	r3, [r2, #20]
70011390:	e30d2008 	movw	r2, #53256	; 0xd008
70011394:	e3472001 	movt	r2, #28673	; 0x7001
70011398:	e3a03902 	mov	r3, #32768	; 0x8000
7001139c:	e3473008 	movt	r3, #28680	; 0x7008
700113a0:	e5823030 	str	r3, [r2, #48]	; 0x30
700113a4:	e30d2008 	movw	r2, #53256	; 0xd008
700113a8:	e3472001 	movt	r2, #28673	; 0x7001
700113ac:	e3a03000 	mov	r3, #0
700113b0:	e3473009 	movt	r3, #28681	; 0x7009
700113b4:	e582304c 	str	r3, [r2, #76]	; 0x4c
700113b8:	e320f000 	nop	{0}
700113bc:	e28bd000 	add	sp, fp, #0
700113c0:	e49db004 	pop	{fp}		; (ldr fp, [sp], #4)
700113c4:	e12fff1e 	bx	lr

700113c8 <_undefined_vector>:
700113c8:	eafffffe 	b	700113c8 <_undefined_vector>

700113cc <_SVC_vector>:
700113cc:	e24ee004 	sub	lr, lr, #4
700113d0:	e92d5fff 	push	{r0, r1, r2, r3, r4, r5, r6, r7, r8, r9, sl, fp, ip, lr}
700113d4:	ebfffb0a 	bl	70010004 <_rec_kernel>
700113d8:	e8fd9fff 	ldm	sp!, {r0, r1, r2, r3, r4, r5, r6, r7, r8, r9, sl, fp, ip, pc}^

700113dc <_prefetch_vector>:
700113dc:	ee163f10 	mrc	15, 0, r3, cr6, cr0, {0}
700113e0:	ee154f30 	mrc	15, 0, r4, cr5, cr0, {1}
700113e4:	eafffffe 	b	700113e4 <_prefetch_vector+0x8>

700113e8 <_data_a_vector>:
700113e8:	ee161f10 	mrc	15, 0, r1, cr6, cr0, {0}
700113ec:	ee152f10 	mrc	15, 0, r2, cr5, cr0, {0}
700113f0:	eafffffe 	b	700113f0 <_data_a_vector+0x8>

700113f4 <_reserved_vector>:
700113f4:	eafffffe 	b	700113f4 <_reserved_vector>

700113f8 <_IRQ_vector>:
700113f8:	e24ee004 	sub	lr, lr, #4
700113fc:	e92d5fff 	push	{r0, r1, r2, r3, r4, r5, r6, r7, r8, r9, sl, fp, ip, lr}
70011400:	e1a0700d 	mov	r7, sp
70011404:	e14f8000 	mrs	r8, SPSR
70011408:	e92d0180 	push	{r7, r8}
7001140c:	e1a0000d 	mov	r0, sp
70011410:	ebfffb36 	bl	700100f0 <_handler_irq>
70011414:	e1a0d000 	mov	sp, r0
70011418:	e8bd0180 	pop	{r7, r8}
7001141c:	e1a0d007 	mov	sp, r7
70011420:	e169f008 	msr	SPSR_fc, r8
70011424:	e8fd9fff 	ldm	sp!, {r0, r1, r2, r3, r4, r5, r6, r7, r8, r9, sl, fp, ip, pc}^

Disassembly of section .task:

70011428 <task_3>:
70011428:	e52db004 	push	{fp}		; (str fp, [sp, #-4]!)
7001142c:	e28db000 	add	fp, sp, #0
70011430:	e3013000 	movw	r3, #4096	; 0x1000
70011434:	e34730f5 	movt	r3, #28917	; 0x70f5
70011438:	e5933000 	ldr	r3, [r3]
7001143c:	e2432005 	sub	r2, r3, #5
70011440:	e3013000 	movw	r3, #4096	; 0x1000
70011444:	e34730f5 	movt	r3, #28917	; 0x70f5
70011448:	e5832000 	str	r2, [r3]
7001144c:	e3013474 	movw	r3, #5236	; 0x1474
70011450:	e3473001 	movt	r3, #28673	; 0x7001
70011454:	e5933000 	ldr	r3, [r3]
70011458:	e2832002 	add	r2, r3, #2
7001145c:	e3013474 	movw	r3, #5236	; 0x1474
70011460:	e3473001 	movt	r3, #28673	; 0x7001
70011464:	e5832000 	str	r2, [r3]
70011468:	eafffff0 	b	70011430 <task_3+0x8>

Disassembly of section .data:

7001146c <actual_sp>:
7001146c:	00000000 	andeq	r0, r0, r0

70011470 <ft>:
70011470:	00000000 	andeq	r0, r0, r0

Disassembly of section .task_2_var:

70011474 <global_2>:
70011474:	00000000 	andeq	r0, r0, r0

Disassembly of section .tablas:

70014000 <tabla_l1>:
	...

70018000 <tablas_l2>:
	...

Disassembly of section .bss:

7001d000 <ticks>:
7001d000:	00000000 	andeq	r0, r0, r0

7001d004 <num_table_2>:
7001d004:	00000000 	andeq	r0, r0, r0

7001d008 <tcb_tasks>:
	...

7001d05c <scheduler_struct>:
	...

Disassembly of section .idle_text:

70040000 <idle>:
70040000:	e52db004 	push	{fp}		; (str fp, [sp, #-4]!)
70040004:	e28db000 	add	fp, sp, #0
70040008:	e320f003 	wfi
7004000c:	eafffffd 	b	70040008 <idle+0x8>

Disassembly of section .task_1_code:

70f50000 <task_1>:
70f50000:	e52db004 	push	{fp}		; (str fp, [sp, #-4]!)
70f50004:	e28db000 	add	fp, sp, #0
70f50008:	ef00005a 	svc	0x0000005a
70f5000c:	eafffffd 	b	70f50008 <task_1+0x8>

Disassembly of section .data_tarea_1:

70f51000 <global_1>:
70f51000:	00000000 	andeq	r0, r0, r0

Disassembly of section .txt_tarea_2:

70f40000 <task_2>:
70f40000:	e52db004 	push	{fp}		; (str fp, [sp, #-4]!)
70f40004:	e28db000 	add	fp, sp, #0
70f40008:	ef00005a 	svc	0x0000005a
70f4000c:	eafffffd 	b	70f40008 <task_2+0x8>

Disassembly of section .stack:

70020000 <__IRQ_IDLE_stack_top__-0x100>:
	...

70020100 <__IRQ_IDLE_stack_top__>:
	...

70020400 <__irq_stack_top__>:
	...

70020480 <__fiq_stack_top__>:
	...

70020580 <__SVC_IDLE_stack_top__>:
	...

70020880 <__svc_stack_top__>:
	...

70020900 <__abt_stack_top__>:
	...

70020980 <__und_stack_top__>:
	...

Disassembly of section .tarea_1_stack_vma:

70f52000 <__IRQ_TASK1_stack_top__-0x400>:
	...

70f52400 <__IRQ_TASK1_stack_top__>:
	...

70f52800 <__SVC_TASK1_stack_top__>:
	...

70f52880 <__tarea_1_abt_stack_top_vma__>:
	...

70f52900 <__tarea_1_und_stack_top_vma__>:
	...

70f52980 <__tarea_1_sys_stack_top_vma__>:
	...

Disassembly of section .tarea_2_stack_vma:

70f42000 <__IRQ_TASK2_stack_top__-0x400>:
	...

70f42400 <__IRQ_TASK2_stack_top__>:
	...

70f42800 <__SVC_TASK2_stack_top__>:
	...

70f42880 <__tarea_2_abt_stack_top_vma__>:
	...

70f42900 <__tarea_2_und_stack_top_vma__>:
	...

70f42980 <__tarea_2_sys_stack_top_vma__>:
	...

Disassembly of section .tarea_1_stack_phy:

80752000 <__tarea_1_irq_stack_top_phy__-0x400>:
	...

80752400 <__tarea_1_irq_stack_top_phy__>:
	...

80752800 <__tarea_1_svc_stack_top_phy__>:
	...

80752880 <__tarea_1_abt_stack_top_phy__>:
	...

80752900 <__tarea_1_und_stack_top_phy__>:
	...

80752980 <__tarea_1_sys_stack_top_phy__>:
	...

Disassembly of section .tarea_2_stack_phy:

80742000 <__tarea_2_irq_stack_top_phy__-0x400>:
	...

80742400 <__tarea_2_irq_stack_top_phy__>:
	...

80742800 <__tarea_2_svc_stack_top_phy__>:
	...

80742880 <__tarea_2_abt_stack_top_phy__>:
	...

80742900 <__tarea_2_und_stack_top_phy__>:
	...

80742980 <__tarea_2_sys_stack_top_phy__>:
	...

Disassembly of section .debug_info:

00000000 <.debug_info>:
       0:	00000093 	muleq	r0, r3, r0
       4:	00000004 	andeq	r0, r0, r4
       8:	01040000 	mrseq	r0, (UNDEF: 4)
       c:	0000000e 	andeq	r0, r0, lr
      10:	0000980c 	andeq	r9, r0, ip, lsl #16
      14:	0000ed00 	andeq	lr, r0, r0, lsl #26
	...
      24:	06010200 	streq	r0, [r1], -r0, lsl #4
      28:	000000c4 	andeq	r0, r0, r4, asr #1
      2c:	c2080102 	andgt	r0, r8, #-2147483648	; 0x80000000
      30:	02000000 	andeq	r0, r0, #0
      34:	00e30502 	rsceq	r0, r3, r2, lsl #10
      38:	02020000 	andeq	r0, r2, #0
      3c:	0000d007 	andeq	sp, r0, r7
      40:	05040200 	streq	r0, [r4, #-512]	; 0xfffffe00
      44:	00000005 	andeq	r0, r0, r5
      48:	b0070402 	andlt	r0, r7, r2, lsl #8
      4c:	02000000 	andeq	r0, r0, #0
      50:	00000508 	andeq	r0, r0, r8, lsl #10
      54:	08020000 	stmdaeq	r2, {}	; <UNPREDICTABLE>
      58:	0000ab07 	andeq	sl, r0, r7, lsl #22
      5c:	05040300 	streq	r0, [r4, #-768]	; 0xfffffd00
      60:	00746e69 	rsbseq	r6, r4, r9, ror #28
      64:	b5070402 	strlt	r0, [r7, #-1026]	; 0xfffffbfe
      68:	02000000 	andeq	r0, r0, #0
      6c:	00cb0801 	sbceq	r0, fp, r1, lsl #16
      70:	88040000 	stmdahi	r4, {}	; <UNPREDICTABLE>
      74:	01000000 	mrseq	r0, (UNDEF: 0)
      78:	005d2d05 	subseq	r2, sp, r5, lsl #26
      7c:	03050000 	movweq	r0, #20480	; 0x5000
      80:	70f51000 	rscsvc	r1, r5, r0
      84:	00009105 	andeq	r9, r0, r5, lsl #2
      88:	2e070100 	adfcss	f0, f7, f0
      8c:	70f50000 	rscsvc	r0, r5, r0
      90:	00000010 	andeq	r0, r0, r0, lsl r0
      94:	93009c01 	movwls	r9, #3073	; 0xc01
      98:	04000000 	streq	r0, [r0], #-0
      9c:	00005700 	andeq	r5, r0, r0, lsl #14
      a0:	0e010400 	cfcpyseq	mvf0, mvf1
      a4:	0c000000 	stceq	0, cr0, [r0], {-0}
      a8:	0000013d 	andeq	r0, r0, sp, lsr r1
      ac:	000000ed 	andeq	r0, r0, sp, ror #1
      b0:	00000010 	andeq	r0, r0, r0, lsl r0
      b4:	00000000 	andeq	r0, r0, r0
      b8:	00000049 	andeq	r0, r0, r9, asr #32
      bc:	c4060102 	strgt	r0, [r6], #-258	; 0xfffffefe
      c0:	02000000 	andeq	r0, r0, #0
      c4:	00c20801 	sbceq	r0, r2, r1, lsl #16
      c8:	02020000 	andeq	r0, r2, #0
      cc:	0000e305 	andeq	lr, r0, r5, lsl #6
      d0:	07020200 	streq	r0, [r2, -r0, lsl #4]
      d4:	000000d0 	ldrdeq	r0, [r0], -r0	; <UNPREDICTABLE>
      d8:	05050402 	streq	r0, [r5, #-1026]	; 0xfffffbfe
      dc:	02000000 	andeq	r0, r0, #0
      e0:	00b00704 	adcseq	r0, r0, r4, lsl #14
      e4:	08020000 	stmdaeq	r2, {}	; <UNPREDICTABLE>
      e8:	00000005 	andeq	r0, r0, r5
      ec:	07080200 	streq	r0, [r8, -r0, lsl #4]
      f0:	000000ab 	andeq	r0, r0, fp, lsr #1
      f4:	69050403 	stmdbvs	r5, {r0, r1, sl}
      f8:	0200746e 	andeq	r7, r0, #1845493760	; 0x6e000000
      fc:	00b50704 	adcseq	r0, r5, r4, lsl #14
     100:	01020000 	mrseq	r0, (UNDEF: 2)
     104:	0000cb08 	andeq	ip, r0, r8, lsl #22
     108:	012d0400 			; <UNDEFINED> instruction: 0x012d0400
     10c:	0a010000 	beq	40114 <_tarea_1_stack_phy_size_+0x3f394>
     110:	00005d2c 	andeq	r5, r0, ip, lsr #26
     114:	74030500 	strvc	r0, [r3], #-1280	; 0xfffffb00
     118:	05700114 	ldrbeq	r0, [r0, #-276]!	; 0xfffffeec
     11c:	00000136 	andeq	r0, r0, r6, lsr r1
     120:	002e0c01 	eoreq	r0, lr, r1, lsl #24
     124:	1070f400 	rsbsne	pc, r0, r0, lsl #8
     128:	01000000 	mrseq	r0, (UNDEF: 0)
     12c:	0034009c 	mlaseq	r4, ip, r0, r0
     130:	00040000 	andeq	r0, r4, r0
     134:	000000ae 	andeq	r0, r0, lr, lsr #1
     138:	000e0104 	andeq	r0, lr, r4, lsl #2
     13c:	550c0000 	strpl	r0, [ip, #-0]
     140:	ed000001 	stc	0, cr0, [r0, #-4]
     144:	20000000 	andcs	r0, r0, r0
     148:	00000000 	andeq	r0, r0, r0
     14c:	94000000 	strls	r0, [r0], #-0
     150:	02000000 	andeq	r0, r0, #0
     154:	00000150 	andeq	r0, r0, r0, asr r1
     158:	002c0401 	eoreq	r0, ip, r1, lsl #8
     15c:	10700400 	rsbsne	r0, r0, r0, lsl #8
     160:	01000000 	mrseq	r0, (UNDEF: 0)
     164:	010e009c 	swpeq	r0, ip, [lr]
     168:	00040000 	andeq	r0, r4, r0
     16c:	000000dc 	ldrdeq	r0, [r0], -ip
     170:	000e0104 	andeq	r0, lr, r4, lsl #2
     174:	9b0c0000 	blls	30017c <_tarea_1_stack_phy_size_+0x2ff3fc>
     178:	ed000001 	stc	0, cr0, [r0, #-4]
     17c:	30000000 	andcc	r0, r0, r0
     180:	00000000 	andeq	r0, r0, r0
     184:	db000000 	blle	18c <TAREA_IDLE_IRQ_STACK_SIZE+0x8c>
     188:	02000000 	andeq	r0, r0, #0
     18c:	6e690504 	cdpvs	5, 6, cr0, cr9, cr4, {0}
     190:	04030074 	streq	r0, [r3], #-116	; 0xffffff8c
     194:	0000b507 	andeq	fp, r0, r7, lsl #10
     198:	06010300 	streq	r0, [r1], -r0, lsl #6
     19c:	000000c4 	andeq	r0, r0, r4, asr #1
     1a0:	e3050203 	movw	r0, #20995	; 0x5203
     1a4:	03000000 	movweq	r0, #0
     1a8:	00050504 	andeq	r0, r5, r4, lsl #10
     1ac:	08030000 	stmdaeq	r3, {}	; <UNPREDICTABLE>
     1b0:	00000005 	andeq	r0, r0, r5
     1b4:	08010300 	stmdaeq	r1, {r8, r9}
     1b8:	000000c2 	andeq	r0, r0, r2, asr #1
     1bc:	d0070203 	andle	r0, r7, r3, lsl #4
     1c0:	04000000 	streq	r0, [r0], #-0
     1c4:	000001b3 			; <UNDEFINED> instruction: 0x000001b3
     1c8:	69193403 	ldmdbvs	r9, {r0, r1, sl, ip, sp}
     1cc:	03000000 	movweq	r0, #0
     1d0:	00b00704 	adcseq	r0, r0, r4, lsl #14
     1d4:	08030000 	stmdaeq	r3, {}	; <UNPREDICTABLE>
     1d8:	0000ab07 	andeq	sl, r0, r7, lsl #22
     1dc:	5d040500 	cfstr32pl	mvfx0, [r4, #-0]
     1e0:	06000000 	streq	r0, [r0], -r0
     1e4:	000001cd 	andeq	r0, r0, sp, asr #3
     1e8:	1023020c 	eorne	r0, r3, ip, lsl #4
     1ec:	000000b2 	strheq	r0, [r0], -r2
     1f0:	00016b07 	andeq	r6, r1, r7, lsl #22
     1f4:	0e240200 	cdpeq	2, 2, cr0, cr4, cr0, {0}
     1f8:	0000005d 	andeq	r0, r0, sp, asr r0
     1fc:	01d30700 	bicseq	r0, r3, r0, lsl #14
     200:	25020000 	strcs	r0, [r2, #-0]
     204:	00005d0e 	andeq	r5, r0, lr, lsl #26
     208:	66070400 	strvs	r0, [r7], -r0, lsl #8
     20c:	02000001 	andeq	r0, r0, #1
     210:	00771026 	rsbseq	r1, r7, r6, lsr #32
     214:	00080000 	andeq	r0, r8, r0
     218:	0001cd04 	andeq	ip, r1, r4, lsl #26
     21c:	02270200 	eoreq	r0, r7, #0, 4
     220:	0000007d 	andeq	r0, r0, sp, ror r0
     224:	cb080103 	blgt	200638 <_tarea_1_stack_phy_size_+0x1ff8b8>
     228:	08000000 	stmdaeq	r0, {}	; <UNPREDICTABLE>
     22c:	000001bc 			; <UNDEFINED> instruction: 0x000001bc
     230:	b20e0801 	andlt	r0, lr, #65536	; 0x10000
     234:	09000000 	stmdbeq	r0, {}	; <UNPREDICTABLE>
     238:	00000178 	andeq	r0, r0, r8, ror r1
     23c:	04270b01 	strteq	r0, [r7], #-2817	; 0xfffff4ff
     240:	ec700100 	ldfe	f0, [r0], #-0
     244:	01000000 	mrseq	r0, (UNDEF: 0)
     248:	75610a9c 	strbvc	r0, [r1, #-2716]!	; 0xfffff564
     24c:	0d010078 	stceq	0, cr0, [r1, #-480]	; 0xfffffe20
     250:	00005d0e 	andeq	r5, r0, lr, lsl #26
     254:	6c910200 	lfmvs	f0, 4, [r1], {0}
     258:	0001840b 	andeq	r8, r1, fp, lsl #8
     25c:	100e0100 	andne	r0, lr, r0, lsl #2
     260:	00000077 	andeq	r0, r0, r7, ror r0
     264:	0b749102 	bleq	1d24674 <_tarea_1_stack_phy_size_+0x1d238f4>
     268:	0000018f 	andeq	r0, r0, pc, lsl #3
     26c:	77100f01 	ldrvc	r0, [r0, -r1, lsl #30]
     270:	02000000 	andeq	r0, r0, #0
     274:	00007091 	muleq	r0, r1, r0
     278:	00000053 	andeq	r0, r0, r3, asr r0
     27c:	018d0004 	orreq	r0, sp, r4
     280:	01040000 	mrseq	r0, (UNDEF: 4)
     284:	0000000e 	andeq	r0, r0, lr
     288:	0001de0c 	andeq	sp, r1, ip, lsl #28
     28c:	0000ed00 	andeq	lr, r0, r0, lsl #26
     290:	00004000 	andeq	r4, r0, r0
     294:	00000000 	andeq	r0, r0, r0
     298:	0001be00 	andeq	fp, r1, r0, lsl #28
     29c:	00880200 	addeq	r0, r8, r0, lsl #4
     2a0:	09010000 	stmdbeq	r1, {}	; <UNPREDICTABLE>
     2a4:	0000310c 	andeq	r3, r0, ip, lsl #2
     2a8:	05040300 	streq	r0, [r4, #-768]	; 0xfffffd00
     2ac:	00746e69 	rsbseq	r6, r4, r9, ror #28
     2b0:	00012d02 	andeq	r2, r1, r2, lsl #26
     2b4:	0c0a0100 	stfeqs	f0, [sl], {-0}
     2b8:	00000031 	andeq	r0, r0, r1, lsr r0
     2bc:	0001f104 	andeq	pc, r1, r4, lsl #2
     2c0:	270d0100 	strcs	r0, [sp, -r0, lsl #2]
     2c4:	70011428 	andvc	r1, r1, r8, lsr #8
     2c8:	00000044 	andeq	r0, r0, r4, asr #32
     2cc:	5d009c01 	stcpl	12, cr9, [r0, #-4]
     2d0:	04000003 	streq	r0, [r0], #-3
     2d4:	0001d900 	andeq	sp, r1, r0, lsl #18
     2d8:	0e010400 	cfcpyseq	mvf0, mvf1
     2dc:	0c000000 	stceq	0, cr0, [r0], {-0}
     2e0:	000002cb 	andeq	r0, r0, fp, asr #5
     2e4:	000000ed 	andeq	r0, r0, sp, ror #1
     2e8:	00000050 	andeq	r0, r0, r0, asr r0
     2ec:	00000000 	andeq	r0, r0, r0
     2f0:	00000213 	andeq	r0, r0, r3, lsl r2
     2f4:	69050402 	stmdbvs	r5, {r1, sl}
     2f8:	0300746e 	movweq	r7, #1134	; 0x46e
     2fc:	00b50704 	adcseq	r0, r5, r4, lsl #14
     300:	01030000 	mrseq	r0, (UNDEF: 3)
     304:	0000c406 	andeq	ip, r0, r6, lsl #8
     308:	05020300 	streq	r0, [r2, #-768]	; 0xfffffd00
     30c:	000000e3 	andeq	r0, r0, r3, ror #1
     310:	05050403 	streq	r0, [r5, #-1027]	; 0xfffffbfd
     314:	03000000 	movweq	r0, #0
     318:	00000508 	andeq	r0, r0, r8, lsl #10
     31c:	3c040000 	stccc	0, cr0, [r4], {-0}
     320:	02000002 	andeq	r0, r0, #2
     324:	005b182e 	subseq	r1, fp, lr, lsr #16
     328:	01030000 	mrseq	r0, (UNDEF: 3)
     32c:	0000c208 	andeq	ip, r0, r8, lsl #4
     330:	07020300 	streq	r0, [r2, -r0, lsl #6]
     334:	000000d0 	ldrdeq	r0, [r0], -r0	; <UNPREDICTABLE>
     338:	0001b304 	andeq	fp, r1, r4, lsl #6
     33c:	19340200 	ldmdbne	r4!, {r9}
     340:	00000075 	andeq	r0, r0, r5, ror r0
     344:	b0070403 	andlt	r0, r7, r3, lsl #8
     348:	03000000 	movweq	r0, #0
     34c:	00ab0708 	adceq	r0, fp, r8, lsl #14
     350:	1c050000 	stcne	0, cr0, [r5], {-0}
     354:	e8121e03 	ldmda	r2, {r0, r1, r9, sl, fp, ip}
     358:	06000000 	streq	r0, [r0], -r0
     35c:	00000340 	andeq	r0, r0, r0, asr #6
     360:	69152003 	ldmdbvs	r5, {r0, r1, sp}
     364:	00000000 	andeq	r0, r0, r0
     368:	524d5007 	subpl	r5, sp, #7
     36c:	15210300 	strne	r0, [r1, #-768]!	; 0xfffffd00
     370:	00000069 	andeq	r0, r0, r9, rrx
     374:	50420704 	subpl	r0, r2, r4, lsl #14
     378:	22030052 	andcs	r0, r3, #82	; 0x52
     37c:	00006915 	andeq	r6, r0, r5, lsl r9
     380:	49070800 	stmdbmi	r7, {fp}
     384:	03005241 	movweq	r5, #577	; 0x241
     388:	00691523 	rsbeq	r1, r9, r3, lsr #10
     38c:	060c0000 	streq	r0, [ip], -r0
     390:	00000237 	andeq	r0, r0, r7, lsr r2
     394:	69152403 	ldmdbvs	r5, {r0, r1, sl, sp}
     398:	10000000 	andne	r0, r0, r0
     39c:	52505207 	subspl	r5, r0, #1879048192	; 0x70000000
     3a0:	15250300 	strne	r0, [r5, #-768]!	; 0xfffffd00
     3a4:	00000069 	andeq	r0, r0, r9, rrx
     3a8:	02b50614 	adcseq	r0, r5, #20, 12	; 0x1400000
     3ac:	26030000 	strcs	r0, [r3], -r0
     3b0:	00006915 	andeq	r6, r0, r5, lsl r9
     3b4:	08001800 	stmdaeq	r0, {fp, ip}
     3b8:	00000083 	andeq	r0, r0, r3, lsl #1
     3bc:	00022f04 	andeq	r2, r2, r4, lsl #30
     3c0:	07270300 	streq	r0, [r7, -r0, lsl #6]!
     3c4:	000000e8 	andeq	r0, r0, r8, ror #1
     3c8:	04100009 	ldreq	r0, [r0], #-9
     3cc:	021a120c 	andseq	r1, sl, #12, 4	; 0xc0000000
     3d0:	02060000 	andeq	r0, r6, #0
     3d4:	04000002 	streq	r0, [r0], #-2
     3d8:	00690c0d 	rsbeq	r0, r9, sp, lsl #24
     3dc:	06000000 	streq	r0, [r0], -r0
     3e0:	0000024d 	andeq	r0, r0, sp, asr #4
     3e4:	690c0e04 	stmdbvs	ip, {r2, r9, sl, fp}
     3e8:	04000000 	streq	r0, [r0], #-0
     3ec:	0002e706 	andeq	lr, r2, r6, lsl #14
     3f0:	0c0f0400 	cfstrseq	mvf0, [pc], {-0}
     3f4:	00000069 	andeq	r0, r0, r9, rrx
     3f8:	032c0608 			; <UNDEFINED> instruction: 0x032c0608
     3fc:	10040000 	andne	r0, r4, r0
     400:	0000690c 	andeq	r6, r0, ip, lsl #18
     404:	25060c00 	strcs	r0, [r6, #-3072]	; 0xfffff400
     408:	04000002 	streq	r0, [r0], #-2
     40c:	00690c11 	rsbeq	r0, r9, r1, lsl ip
     410:	06100000 	ldreq	r0, [r0], -r0
     414:	000002fc 	strdeq	r0, [r0], -ip
     418:	690c1204 	stmdbvs	ip, {r2, r9, ip}
     41c:	14000000 	strne	r0, [r0], #-0
     420:	00031206 	andeq	r1, r3, r6, lsl #4
     424:	0c130400 	cfldrseq	mvf0, [r3], {-0}
     428:	00000069 	andeq	r0, r0, r9, rrx
     42c:	025f0618 	subseq	r0, pc, #24, 12	; 0x1800000
     430:	14040000 	strne	r0, [r4], #-0
     434:	00021f03 	andeq	r1, r2, r3, lsl #30
     438:	80061c00 	andhi	r1, r6, r0, lsl #24
     43c:	04000002 	streq	r0, [r0], #-2
     440:	00690c15 	rsbeq	r0, r9, r5, lsl ip
     444:	06200000 	strteq	r0, [r0], -r0
     448:	00000306 	andeq	r0, r0, r6, lsl #6
     44c:	690c1604 	stmdbvs	ip, {r2, r9, sl, ip}
     450:	24000000 	strcs	r0, [r0], #-0
     454:	00020d06 	andeq	r0, r2, r6, lsl #26
     458:	0c170400 	cfldrseq	mvf0, [r7], {-0}
     45c:	00000069 	andeq	r0, r0, r9, rrx
     460:	02730628 	rsbseq	r0, r3, #40, 12	; 0x2800000
     464:	18040000 	stmdane	r4, {}	; <UNPREDICTABLE>
     468:	0000690c 	andeq	r6, r0, ip, lsl #18
     46c:	8b062c00 	blhi	18b474 <_tarea_1_stack_phy_size_+0x18a6f4>
     470:	04000002 	streq	r0, [r0], #-2
     474:	00690c19 	rsbeq	r0, r9, r9, lsl ip
     478:	06300000 	ldrteq	r0, [r0], -r0
     47c:	000001f8 	strdeq	r0, [r0], -r8
     480:	690c1a04 	stmdbvs	ip, {r2, r9, fp, ip}
     484:	34000000 	strcc	r0, [r0], #-0
     488:	00031f06 	andeq	r1, r3, r6, lsl #30
     48c:	0c1b0400 	cfldrseq	mvf0, [fp], {-0}
     490:	00000069 	andeq	r0, r0, r9, rrx
     494:	02690638 	rsbeq	r0, r9, #56, 12	; 0x3800000
     498:	1c040000 	stcne	0, cr0, [r4], {-0}
     49c:	00022f03 	andeq	r2, r2, r3, lsl #30
     4a0:	ab0a3c00 	blge	28f4a8 <_tarea_1_stack_phy_size_+0x28e728>
     4a4:	04000002 	streq	r0, [r0], #-2
     4a8:	00690c1d 	rsbeq	r0, r9, sp, lsl ip
     4ac:	0f000000 	svceq	0x00000000
     4b0:	0002f20a 	andeq	pc, r2, sl, lsl #4
     4b4:	0c1e0400 	cfldrseq	mvf0, [lr], {-0}
     4b8:	00000069 	andeq	r0, r0, r9, rrx
     4bc:	bb0a0f04 	bllt	2840d4 <_tarea_1_stack_phy_size_+0x283354>
     4c0:	04000002 	streq	r0, [r0], #-2
     4c4:	0240031f 	subeq	r0, r0, #2080374784	; 0x7c000000
     4c8:	0f080000 	svceq	0x00080000
     4cc:	0002440a 	andeq	r4, r2, sl, lsl #8
     4d0:	0c200400 	cfstrseq	mvf0, [r0], #-0
     4d4:	00000250 	andeq	r0, r0, r0, asr r2
     4d8:	180a0fe0 	stmdane	sl, {r5, r6, r7, r8, r9, sl, fp}
     4dc:	04000002 	streq	r0, [r0], #-2
     4e0:	02500d21 	subseq	r0, r0, #2112	; 0x840
     4e4:	0ff00000 	svceq	0x00f00000	; IMB
     4e8:	00f90800 	rscseq	r0, r9, r0, lsl #16
     4ec:	4f0b0000 	svcmi	0x000b0000
     4f0:	2f000000 	svccs	0x00000000
     4f4:	0c000002 	stceq	0, cr0, [r0], {2}
     4f8:	0000002c 	andeq	r0, r0, ip, lsr #32
     4fc:	4f0b0003 	svcmi	0x000b0003
     500:	40000000 	andmi	r0, r0, r0
     504:	0d000002 	stceq	0, cr0, [r0, #-8]
     508:	0000002c 	andeq	r0, r0, ip, lsr #32
     50c:	0b000ec3 	bleq	4020 <_tarea_1_stack_phy_size_+0x32a0>
     510:	0000004f 	andeq	r0, r0, pc, asr #32
     514:	00000250 	andeq	r0, r0, r0, asr r2
     518:	00002c0c 	andeq	r2, r0, ip, lsl #24
     51c:	0b00d700 	bleq	36124 <_tarea_1_stack_phy_size_+0x353a4>
     520:	00000069 	andeq	r0, r0, r9, rrx
     524:	00000260 	andeq	r0, r0, r0, ror #4
     528:	00002c0c 	andeq	r2, r0, ip, lsl #24
     52c:	04000300 	streq	r0, [r0], #-768	; 0xfffffd00
     530:	00000295 	muleq	r0, r5, r2
     534:	1a032204 	bne	c8d4c <_tarea_1_stack_phy_size_+0xc7fcc>
     538:	0e000002 	cdpeq	0, 0, cr0, cr0, cr2, {0}
     53c:	000002c5 	andeq	r0, r0, r5, asr #5
     540:	10140540 	andsne	r0, r4, r0, asr #10
     544:	000002ac 	andeq	r0, r0, ip, lsr #5
     548:	00707307 	rsbseq	r7, r0, r7, lsl #6
     54c:	ac0f1505 	cfstr32ge	mvfx1, [pc], {5}
     550:	00000002 	andeq	r0, r0, r2
     554:	00022006 	andeq	r2, r2, r6
     558:	12150500 	andsne	r0, r5, #0, 10
     55c:	00000069 	andeq	r0, r0, r9, rrx
     560:	70670704 	rsbvc	r0, r7, r4, lsl #14
     564:	15050072 	strne	r0, [r5, #-114]	; 0xffffff8e
     568:	0002b217 	andeq	fp, r2, r7, lsl r2
     56c:	6c070800 	stcvs	8, cr0, [r7], {-0}
     570:	15050072 	strne	r0, [r5, #-114]	; 0xffffff8e
     574:	0002ac20 	andeq	sl, r2, r0, lsr #24
     578:	0f003c00 	svceq	0x00003c00
     57c:	00006904 	andeq	r6, r0, r4, lsl #18
     580:	00690b00 	rsbeq	r0, r9, r0, lsl #22
     584:	02c20000 	sbceq	r0, r2, #0
     588:	2c0c0000 	stccs	0, cr0, [ip], {-0}
     58c:	0c000000 	stceq	0, cr0, [r0], {-0}
     590:	02c50400 	sbceq	r0, r5, #0, 8
     594:	17050000 	strne	r0, [r5, -r0]
     598:	00026c02 	andeq	r6, r2, r2, lsl #24
     59c:	034a1000 	movteq	r1, #40960	; 0xa000
     5a0:	08010000 	stmdaeq	r1, {}	; <UNPREDICTABLE>
     5a4:	0000690a 	andeq	r6, r0, sl, lsl #18
     5a8:	00030500 	andeq	r0, r3, r0, lsl #10
     5ac:	117001d0 	ldrsbne	r0, [r0, #-16]!
     5b0:	0000029e 	muleq	r0, lr, r2
     5b4:	ac2d0c01 	stcge	12, cr0, [sp], #-4
     5b8:	f0000002 			; <UNDEFINED> instruction: 0xf0000002
     5bc:	78700100 	ldmdavc	r0!, {r8}^
     5c0:	01000000 	mrseq	r0, (UNDEF: 0)
     5c4:	0003449c 	muleq	r3, ip, r4
     5c8:	74631200 	strbtvc	r1, [r3], #-512	; 0xfffffe00
     5cc:	0c010078 	stceq	0, cr0, [r1], {120}	; 0x78
     5d0:	00034441 	andeq	r4, r3, r1, asr #8
     5d4:	64910200 	ldrvs	r0, [r1], #512	; 0x200
     5d8:	00707313 	rsbseq	r7, r0, r3, lsl r3
     5dc:	ac0f0e01 	stcge	14, cr0, [pc], {1}
     5e0:	02000002 	andeq	r0, r0, #2
     5e4:	59147491 	ldmdbpl	r4, {r0, r4, r7, sl, ip, sp, lr}
     5e8:	01000002 	tsteq	r0, r2
     5ec:	03501410 	cmpeq	r0, #16, 8	; 0x10000000
     5f0:	91020000 	mrsls	r0, (UNDEF: 2)
     5f4:	03391470 	teqeq	r9, #112, 8	; 0x70000000
     5f8:	11010000 	mrsne	r0, (UNDEF: 1)
     5fc:	00035b15 	andeq	r5, r3, r5, lsl fp
     600:	6c910200 	lfmvs	f0, 4, [r1], {0}
     604:	00646913 	rsbeq	r6, r4, r3, lsl r9
     608:	690e1601 	stmdbvs	lr, {r0, r9, sl, ip}
     60c:	02000000 	andeq	r0, r0, #0
     610:	0f006891 	svceq	0x00006891
     614:	0002c204 	andeq	ip, r2, r4, lsl #4
     618:	ed040f00 	stc	15, cr0, [r4, #-0]
     61c:	15000000 	strne	r0, [r0, #-0]
     620:	0000034a 	andeq	r0, r0, sl, asr #6
     624:	0260040f 	rsbeq	r0, r0, #251658240	; 0xf000000
     628:	55150000 	ldrpl	r0, [r5, #-0]
     62c:	00000003 	andeq	r0, r0, r3
     630:	0000021f 	andeq	r0, r0, pc, lsl r2
     634:	030a0004 	movweq	r0, #40964	; 0xa004
     638:	01040000 	mrseq	r0, (UNDEF: 4)
     63c:	0000000e 	andeq	r0, r0, lr
     640:	0003810c 	andeq	r8, r3, ip, lsl #2
     644:	0000ed00 	andeq	lr, r0, r0, lsl #26
     648:	00006000 	andeq	r6, r0, r0
     64c:	00000000 	andeq	r0, r0, r0
     650:	0002f200 	andeq	pc, r2, r0, lsl #4
     654:	05040200 	streq	r0, [r4, #-512]	; 0xfffffe00
     658:	00746e69 	rsbseq	r6, r4, r9, ror #28
     65c:	b5070403 	strlt	r0, [r7, #-1027]	; 0xfffffbfd
     660:	03000000 	movweq	r0, #0
     664:	00c40601 	sbceq	r0, r4, r1, lsl #12
     668:	02030000 	andeq	r0, r3, #0
     66c:	0000e305 	andeq	lr, r0, r5, lsl #6
     670:	05040300 	streq	r0, [r4, #-768]	; 0xfffffd00
     674:	00000005 	andeq	r0, r0, r5
     678:	00050803 	andeq	r0, r5, r3, lsl #16
     67c:	03000000 	movweq	r0, #0
     680:	00c20801 	sbceq	r0, r2, r1, lsl #16
     684:	02030000 	andeq	r0, r3, #0
     688:	0000d007 	andeq	sp, r0, r7
     68c:	01b30400 			; <UNDEFINED> instruction: 0x01b30400
     690:	34030000 	strcc	r0, [r3], #-0
     694:	00006919 	andeq	r6, r0, r9, lsl r9
     698:	07040300 	streq	r0, [r4, -r0, lsl #6]
     69c:	000000b0 	strheq	r0, [r0], -r0	; <UNPREDICTABLE>
     6a0:	ab070803 	blge	1c26b4 <_tarea_1_stack_phy_size_+0x1c1934>
     6a4:	05000000 	streq	r0, [r0, #-0]
     6a8:	000002c5 	andeq	r0, r0, r5, asr #5
     6ac:	10140240 	andsne	r0, r4, r0, asr #4
     6b0:	000000b7 	strheq	r0, [r0], -r7
     6b4:	00707306 	rsbseq	r7, r0, r6, lsl #6
     6b8:	b70f1502 	strlt	r1, [pc, -r2, lsl #10]
     6bc:	00000000 	andeq	r0, r0, r0
     6c0:	00022007 	andeq	r2, r2, r7
     6c4:	12150200 	andsne	r0, r5, #0, 4
     6c8:	0000005d 	andeq	r0, r0, sp, asr r0
     6cc:	70670604 	rsbvc	r0, r7, r4, lsl #12
     6d0:	15020072 	strne	r0, [r2, #-114]	; 0xffffff8e
     6d4:	0000bd17 	andeq	fp, r0, r7, lsl sp
     6d8:	6c060800 	stcvs	8, cr0, [r6], {-0}
     6dc:	15020072 	strne	r0, [r2, #-114]	; 0xffffff8e
     6e0:	0000b720 	andeq	fp, r0, r0, lsr #14
     6e4:	08003c00 	stmdaeq	r0, {sl, fp, ip, sp}
     6e8:	00005d04 	andeq	r5, r0, r4, lsl #26
     6ec:	005d0900 	subseq	r0, sp, r0, lsl #18
     6f0:	00cd0000 	sbceq	r0, sp, r0
     6f4:	2c0a0000 	stccs	0, cr0, [sl], {-0}
     6f8:	0c000000 	stceq	0, cr0, [r0], {-0}
     6fc:	02c50400 	sbceq	r0, r5, #0, 8
     700:	17020000 	strne	r0, [r2, -r0]
     704:	00007702 	andeq	r7, r0, r2, lsl #14
     708:	03500500 	cmpeq	r0, #0, 10
     70c:	021c0000 	andseq	r0, ip, #0
     710:	01421019 	cmpeq	r2, r9, lsl r0
     714:	67070000 	strvs	r0, [r7, -r0]
     718:	02000003 	andeq	r0, r0, #3
     71c:	00b7131a 	adcseq	r1, r7, sl, lsl r3
     720:	07000000 	streq	r0, [r0, -r0]
     724:	00000356 	andeq	r0, r0, r6, asr r3
     728:	b7131b02 	ldrlt	r1, [r3, -r2, lsl #22]
     72c:	04000000 	streq	r0, [r0], #-0
     730:	00036e07 	andeq	r6, r3, r7, lsl #28
     734:	131c0200 	tstne	ip, #0, 4
     738:	000000b7 	strheq	r0, [r0], -r7
     73c:	03450708 	movteq	r0, #22280	; 0x5708
     740:	1d020000 	stcne	0, cr0, [r2, #-0]
     744:	00005d12 	andeq	r5, r0, r2, lsl sp
     748:	b0070c00 	andlt	r0, r7, r0, lsl #24
     74c:	02000003 	andeq	r0, r0, #3
     750:	005d121e 	subseq	r1, sp, lr, lsl r2
     754:	07100000 	ldreq	r0, [r0, -r0]
     758:	000003aa 	andeq	r0, r0, sl, lsr #7
     75c:	5d121f02 	ldcpl	15, cr1, [r2, #-8]
     760:	14000000 	strne	r0, [r0], #-0
     764:	0003a307 	andeq	sl, r3, r7, lsl #6
     768:	13200200 	nopne	{0}	; <UNPREDICTABLE>
     76c:	000000b7 	strheq	r0, [r0], -r7
     770:	50040018 	andpl	r0, r4, r8, lsl r0
     774:	02000003 	andeq	r0, r0, #3
     778:	00d90221 	sbcseq	r0, r9, r1, lsr #4
     77c:	cd050000 	stcgt	0, cr0, [r5, #-0]
     780:	0c000001 	stceq	0, cr0, [r0], {1}
     784:	83102302 	tsthi	r0, #134217728	; 0x8000000
     788:	07000001 	streq	r0, [r0, -r1]
     78c:	0000016b 	andeq	r0, r0, fp, ror #2
     790:	5d0e2402 	cfstrspl	mvf2, [lr, #-8]
     794:	00000000 	andeq	r0, r0, r0
     798:	0001d307 	andeq	sp, r1, r7, lsl #6
     79c:	0e250200 	cdpeq	2, 2, cr0, cr5, cr0, {0}
     7a0:	0000005d 	andeq	r0, r0, sp, asr r0
     7a4:	01660704 	cmneq	r6, r4, lsl #14
     7a8:	26020000 	strcs	r0, [r2], -r0
     7ac:	0000b710 	andeq	fp, r0, r0, lsl r7
     7b0:	04000800 	streq	r0, [r0], #-2048	; 0xfffff800
     7b4:	000001cd 	andeq	r0, r0, sp, asr #3
     7b8:	4e022702 	cdpmi	7, 0, cr2, cr2, cr2, {0}
     7bc:	09000001 	stmdbeq	r0, {r0}
     7c0:	00000142 	andeq	r0, r0, r2, asr #2
     7c4:	0000019f 	muleq	r0, pc, r1	; <UNPREDICTABLE>
     7c8:	00002c0a 	andeq	r2, r0, sl, lsl #24
     7cc:	0b000300 	bleq	13d4 <_tarea_1_stack_phy_size_+0x654>
     7d0:	0000035d 	andeq	r0, r0, sp, asr r3
     7d4:	8f0e0b01 	svchi	0x000e0b01
     7d8:	0b000001 	bleq	7e4 <IRQ_STACK_SIZE+0x3e4>
     7dc:	000001bc 			; <UNDEFINED> instruction: 0x000001bc
     7e0:	830e0c01 	movwhi	r0, #60417	; 0xec01
     7e4:	0c000001 	stceq	0, cr0, [r0], {1}
     7e8:	01007466 	tsteq	r0, r6, ror #8
     7ec:	00250c0d 	eoreq	r0, r5, sp, lsl #24
     7f0:	b80d0000 	stmdalt	sp, {}	; <UNPREDICTABLE>
     7f4:	01000003 	tsteq	r0, r3
     7f8:	00b72c0e 	adcseq	r2, r7, lr, lsl #24
     7fc:	03050000 	movweq	r0, #20480	; 0x5000
     800:	7001146c 	andvc	r1, r1, ip, ror #8
     804:	0003770e 	andeq	r7, r3, lr, lsl #14
     808:	2d110100 	ldfcss	f0, [r1, #-0]
     80c:	000000b7 	strheq	r0, [r0], -r7
     810:	70010168 	andvc	r0, r1, r8, ror #2
     814:	000002bc 			; <UNDEFINED> instruction: 0x000002bc
     818:	021c9c01 	andseq	r9, ip, #256	; 0x100
     81c:	630f0000 	movwvs	r0, #61440	; 0xf000
     820:	01007874 	tsteq	r0, r4, ror r8
     824:	021c3e11 	andseq	r3, ip, #272	; 0x110
     828:	91020000 	mrsls	r0, (UNDEF: 2)
     82c:	0367106c 	cmneq	r7, #108	; 0x6c
     830:	13010000 	movwne	r0, #4096	; 0x1000
     834:	0000b70f 	andeq	fp, r0, pc, lsl #14
     838:	74910200 	ldrvc	r0, [r1], #512	; 0x200
     83c:	0003c210 	andeq	ip, r3, r0, lsl r2
     840:	0f140100 	svceq	0x00140100
     844:	000000b7 	strheq	r0, [r0], -r7
     848:	00709102 	rsbseq	r9, r0, r2, lsl #2
     84c:	00cd0408 	sbceq	r0, sp, r8, lsl #8
     850:	a2000000 	andge	r0, r0, #0
     854:	04000002 	streq	r0, [r0], #-2
     858:	00040a00 	andeq	r0, r4, r0, lsl #20
     85c:	0e010400 	cfcpyseq	mvf0, mvf1
     860:	0c000000 	stceq	0, cr0, [r0], {-0}
     864:	000006a1 	andeq	r0, r0, r1, lsr #13
     868:	000000ed 	andeq	r0, r0, sp, ror #1
     86c:	00000070 	andeq	r0, r0, r0, ror r0
     870:	00000000 	andeq	r0, r0, r0
     874:	00000433 	andeq	r0, r0, r3, lsr r4
     878:	69050402 	stmdbvs	r5, {r1, sl}
     87c:	0300746e 	movweq	r7, #1134	; 0x46e
     880:	00b50704 	adcseq	r0, r5, r4, lsl #14
     884:	01030000 	mrseq	r0, (UNDEF: 3)
     888:	0000c406 	andeq	ip, r0, r6, lsl #8
     88c:	05020300 	streq	r0, [r2, #-768]	; 0xfffffd00
     890:	000000e3 	andeq	r0, r0, r3, ror #1
     894:	05050403 	streq	r0, [r5, #-1027]	; 0xfffffbfd
     898:	03000000 	movweq	r0, #0
     89c:	00000508 	andeq	r0, r0, r8, lsl #10
     8a0:	01030000 	mrseq	r0, (UNDEF: 3)
     8a4:	0000c208 	andeq	ip, r0, r8, lsl #4
     8a8:	07020300 	streq	r0, [r2, -r0, lsl #6]
     8ac:	000000d0 	ldrdeq	r0, [r0], -r0	; <UNPREDICTABLE>
     8b0:	0001b304 	andeq	fp, r1, r4, lsl #6
     8b4:	19340200 	ldmdbne	r4!, {r9}
     8b8:	00000069 	andeq	r0, r0, r9, rrx
     8bc:	b0070403 	andlt	r0, r7, r3, lsl #8
     8c0:	03000000 	movweq	r0, #0
     8c4:	00ab0708 	adceq	r0, fp, r8, lsl #14
     8c8:	03050000 	movweq	r0, #20480	; 0x5000
     8cc:	01000006 	tsteq	r0, r6
     8d0:	005d120a 	subseq	r1, sp, sl, lsl #4
     8d4:	e7050000 	str	r0, [r5, -r0]
     8d8:	01000004 	tsteq	r0, r4
     8dc:	005d240a 	subseq	r2, sp, sl, lsl #8
     8e0:	8a050000 	bhi	1408e8 <_tarea_1_stack_phy_size_+0x13fb68>
     8e4:	01000005 	tsteq	r0, r5
     8e8:	005d120b 	subseq	r1, sp, fp, lsl #4
     8ec:	61050000 	mrsvs	r0, (UNDEF: 5)
     8f0:	01000006 	tsteq	r0, r6
     8f4:	005d250b 	subseq	r2, sp, fp, lsl #10
     8f8:	34050000 	strcc	r0, [r5], #-0
     8fc:	01000004 	tsteq	r0, r4
     900:	005d110c 	subseq	r1, sp, ip, lsl #2
     904:	cf050000 	svcgt	0x00050000
     908:	01000004 	tsteq	r0, r4
     90c:	005d260c 	subseq	r2, sp, ip, lsl #12
     910:	2c050000 	stccs	0, cr0, [r5], {-0}
     914:	01000006 	tsteq	r0, r6
     918:	005d120e 	subseq	r1, sp, lr, lsl #4
     91c:	19050000 	stmdbne	r5, {}	; <UNPREDICTABLE>
     920:	01000005 	tsteq	r0, r5
     924:	005d240e 	subseq	r2, sp, lr, lsl #8
     928:	04050000 	streq	r0, [r5], #-0
     92c:	01000007 	tsteq	r0, r7
     930:	005d120f 	subseq	r1, sp, pc, lsl #4
     934:	e7050000 	str	r0, [r5, -r0]
     938:	01000003 	tsteq	r0, r3
     93c:	005d250f 	subseq	r2, sp, pc, lsl #10
     940:	8d050000 	stchi	0, cr0, [r5, #-0]
     944:	01000006 	tsteq	r0, r6
     948:	005d1210 	subseq	r1, sp, r0, lsl r2
     94c:	14050000 	strne	r0, [r5], #-0
     950:	01000006 	tsteq	r0, r6
     954:	005d2710 	subseq	r2, sp, r0, lsl r7
     958:	54050000 	strpl	r0, [r5], #-0
     95c:	01000005 	tsteq	r0, r5
     960:	005d1114 	subseq	r1, sp, r4, lsl r1
     964:	9c050000 	stcls	0, cr0, [r5], {-0}
     968:	01000005 	tsteq	r0, r5
     96c:	005d1115 	subseq	r1, sp, r5, lsl r1
     970:	e0050000 	and	r0, r5, r0
     974:	01000005 	tsteq	r0, r5
     978:	005d1116 	subseq	r1, sp, r6, lsl r1
     97c:	f6050000 			; <UNDEFINED> instruction: 0xf6050000
     980:	01000006 	tsteq	r0, r6
     984:	005d1117 	subseq	r1, sp, r7, lsl r1
     988:	8a050000 	bhi	140990 <_tarea_1_stack_phy_size_+0x13fc10>
     98c:	01000004 	tsteq	r0, r4
     990:	005d111b 	subseq	r1, sp, fp, lsl r1
     994:	79050000 	stmdbvc	r5, {}	; <UNPREDICTABLE>
     998:	01000005 	tsteq	r0, r5
     99c:	005d111c 	subseq	r1, sp, ip, lsl r1
     9a0:	ce050000 	cdpgt	0, 0, cr0, cr5, cr0, {0}
     9a4:	01000006 	tsteq	r0, r6
     9a8:	005d111d 	subseq	r1, sp, sp, lsl r1
     9ac:	fd050000 	stc2	0, cr0, [r5, #-0]
     9b0:	01000003 	tsteq	r0, r3
     9b4:	005d111e 	subseq	r1, sp, lr, lsl r1
     9b8:	aa050000 	bge	1409c0 <_tarea_1_stack_phy_size_+0x13fc40>
     9bc:	01000004 	tsteq	r0, r4
     9c0:	005d111f 	subseq	r1, sp, pc, lsl r1
     9c4:	0d050000 	stceq	0, cr0, [r5, #-0]
     9c8:	01000004 	tsteq	r0, r4
     9cc:	005d1120 	subseq	r1, sp, r0, lsr #2
     9d0:	9a050000 	bls	1409d8 <_tarea_1_stack_phy_size_+0x13fc58>
     9d4:	01000004 	tsteq	r0, r4
     9d8:	005d1123 	subseq	r1, sp, r3, lsr #2
     9dc:	e5050000 	str	r0, [r5, #-0]
     9e0:	01000006 	tsteq	r0, r6
     9e4:	005d1124 	subseq	r1, sp, r4, lsr #2
     9e8:	62050000 	andvs	r0, r5, #0
     9ec:	01000005 	tsteq	r0, r5
     9f0:	005d1125 	subseq	r1, sp, r5, lsr #2
     9f4:	48050000 	stmdami	r5, {}	; <UNPREDICTABLE>
     9f8:	01000004 	tsteq	r0, r4
     9fc:	005d1126 	subseq	r1, sp, r6, lsr #2
     a00:	3d050000 	stccc	0, cr0, [r5, #-0]
     a04:	01000006 	tsteq	r0, r6
     a08:	005d1127 	subseq	r1, sp, r7, lsr #2
     a0c:	77050000 	strvc	r0, [r5, -r0]
     a10:	01000006 	tsteq	r0, r6
     a14:	005d1128 	subseq	r1, sp, r8, lsr #2
     a18:	d6050000 	strle	r0, [r5], -r0
     a1c:	01000003 	tsteq	r0, r3
     a20:	005d1235 	subseq	r1, sp, r5, lsr r2
     a24:	08050000 	stmdaeq	r5, {}	; <UNPREDICTABLE>
     a28:	01000005 	tsteq	r0, r5
     a2c:	005d1236 	subseq	r1, sp, r6, lsr r2
     a30:	23050000 	movwcs	r0, #20480	; 0x5000
     a34:	01000004 	tsteq	r0, r4
     a38:	005d1237 	subseq	r1, sp, r7, lsr r2
     a3c:	16050000 	strne	r0, [r5], -r0
     a40:	01000007 	tsteq	r0, r7
     a44:	005d1238 	subseq	r1, sp, r8, lsr r2
     a48:	aa050000 	bge	140a50 <_tarea_1_stack_phy_size_+0x13fcd0>
     a4c:	01000005 	tsteq	r0, r5
     a50:	005d1239 	subseq	r1, sp, r9, lsr r2
     a54:	79050000 	stmdbvc	r5, {}	; <UNPREDICTABLE>
     a58:	01000004 	tsteq	r0, r4
     a5c:	005d113e 	subseq	r1, sp, lr, lsr r1
     a60:	50050000 	andpl	r0, r5, r0
     a64:	01000006 	tsteq	r0, r6
     a68:	005d113f 	subseq	r1, sp, pc, lsr r1
     a6c:	43050000 	movwmi	r0, #20480	; 0x5000
     a70:	01000005 	tsteq	r0, r5
     a74:	005d1140 	subseq	r1, sp, r0, asr #2
     a78:	69050000 	stmdbvs	r5, {}	; <UNPREDICTABLE>
     a7c:	01000004 	tsteq	r0, r4
     a80:	005d1141 	subseq	r1, sp, r1, asr #2
     a84:	bd050000 	stclt	0, cr0, [r5, #-0]
     a88:	01000004 	tsteq	r0, r4
     a8c:	005d1142 	subseq	r1, sp, r2, asr #2
     a90:	cb050000 	blgt	140a98 <_tarea_1_stack_phy_size_+0x13fd18>
     a94:	01000005 	tsteq	r0, r5
     a98:	005d1145 	subseq	r1, sp, r5, asr #2
     a9c:	b9050000 	stmdblt	r5, {}	; <UNPREDICTABLE>
     aa0:	01000006 	tsteq	r0, r6
     aa4:	005d1146 	subseq	r1, sp, r6, asr #2
     aa8:	ba050000 	blt	140ab0 <_tarea_1_stack_phy_size_+0x13fd30>
     aac:	01000005 	tsteq	r0, r5
     ab0:	005d114c 	subseq	r1, sp, ip, asr #2
     ab4:	ee050000 	cdp	0, 0, cr0, cr5, cr0, {0}
     ab8:	01000005 	tsteq	r0, r5
     abc:	005d114d 	subseq	r1, sp, sp, asr #2
     ac0:	58050000 	stmdapl	r5, {}	; <UNPREDICTABLE>
     ac4:	01000004 	tsteq	r0, r4
     ac8:	005d1155 	subseq	r1, sp, r5, asr r1
     acc:	2e050000 	cdpcs	0, 0, cr0, cr5, cr0, {0}
     ad0:	01000005 	tsteq	r0, r5
     ad4:	005d1156 	subseq	r1, sp, r6, asr r1
     ad8:	fc050000 	stc2	0, cr0, [r5], {-0}
     adc:	01000004 	tsteq	r0, r4
     ae0:	00250c64 	eoreq	r0, r5, r4, ror #24
     ae4:	c9060000 	stmdbgt	r6, {}	; <UNPREDICTABLE>
     ae8:	01000003 	tsteq	r0, r3
     aec:	05042767 	streq	r2, [r4, #-1895]	; 0xfffff899
     af0:	06f47001 	ldrbteq	r7, [r4], r1
     af4:	9c010000 	stcls	0, cr0, [r1], {-0}
     af8:	0001c900 	andeq	ip, r1, r0, lsl #18
     afc:	6e000400 	cfcpysvs	mvf0, mvf0
     b00:	04000004 	streq	r0, [r0], #-4
     b04:	00000e01 	andeq	r0, r0, r1, lsl #28
     b08:	07b60c00 	ldreq	r0, [r6, r0, lsl #24]!
     b0c:	00ed0000 	rsceq	r0, sp, r0
     b10:	00980000 	addseq	r0, r8, r0
     b14:	00000000 	andeq	r0, r0, r0
     b18:	05070000 	streq	r0, [r7, #-0]
     b1c:	01020000 	mrseq	r0, (UNDEF: 2)
     b20:	0000c406 	andeq	ip, r0, r6, lsl #8
     b24:	05020200 	streq	r0, [r2, #-512]	; 0xfffffe00
     b28:	000000e3 	andeq	r0, r0, r3, ror #1
     b2c:	05050402 	streq	r0, [r5, #-1026]	; 0xfffffbfe
     b30:	02000000 	andeq	r0, r0, #0
     b34:	00000508 	andeq	r0, r0, r8, lsl #10
     b38:	01020000 	mrseq	r0, (UNDEF: 2)
     b3c:	0000c208 	andeq	ip, r0, r8, lsl #4
     b40:	07020200 	streq	r0, [r2, -r0, lsl #4]
     b44:	000000d0 	ldrdeq	r0, [r0], -r0	; <UNPREDICTABLE>
     b48:	0001b303 	andeq	fp, r1, r3, lsl #6
     b4c:	19340200 	ldmdbne	r4!, {r9}
     b50:	0000005b 	andeq	r0, r0, fp, asr r0
     b54:	b0070402 	andlt	r0, r7, r2, lsl #8
     b58:	02000000 	andeq	r0, r0, #0
     b5c:	00ab0708 	adceq	r0, fp, r8, lsl #14
     b60:	04040000 	streq	r0, [r4], #-0
     b64:	746e6905 	strbtvc	r6, [lr], #-2309	; 0xfffff6fb
     b68:	07040200 	streq	r0, [r4, -r0, lsl #4]
     b6c:	000000b5 	strheq	r0, [r0], -r5
     b70:	00004f05 	andeq	r4, r0, r5, lsl #30
     b74:	00008800 	andeq	r8, r0, r0, lsl #16
     b78:	00700600 	rsbseq	r0, r0, r0, lsl #12
     b7c:	0fff0000 	svceq	0x00ff0000
     b80:	07500700 	ldrbeq	r0, [r0, -r0, lsl #14]
     b84:	0c010000 	stceq	0, cr0, [r1], {-0}
     b88:	0000770a 	andeq	r7, r0, sl, lsl #14
     b8c:	05400000 	strbeq	r0, [r0, #-0]
     b90:	01400003 	cmpeq	r0, r3
     b94:	004f0570 	subeq	r0, pc, r0, ror r5	; <UNPREDICTABLE>
     b98:	00b20000 	adcseq	r0, r2, r0
     b9c:	70080000 	andvc	r0, r8, r0
     ba0:	13000000 	movwne	r0, #0
     ba4:	00007008 	andeq	r7, r0, r8
     ba8:	0700ff00 	streq	pc, [r0, -r0, lsl #30]
     bac:	00000760 	andeq	r0, r0, r0, ror #14
     bb0:	9c0a0f01 	stcls	15, cr0, [sl], {1}
     bb4:	00000000 	andeq	r0, r0, r0
     bb8:	00030504 	andeq	r0, r3, r4, lsl #10
     bbc:	09700180 	ldmdbeq	r0!, {r7, r8}^
     bc0:	000004fc 	strdeq	r0, [r0], -ip
     bc4:	69051401 	stmdbvs	r5, {r0, sl, ip}
     bc8:	05000000 	streq	r0, [r0, #-0]
     bcc:	01d00403 	bicseq	r0, r0, r3, lsl #8
     bd0:	07280a70 			; <UNDEFINED> instruction: 0x07280a70
     bd4:	18010000 	stmdane	r1, {}	; <UNPREDICTABLE>
     bd8:	010c0027 	tsteq	ip, r7, lsr #32
     bdc:	0001a870 	andeq	sl, r1, r0, ror r8
     be0:	c69c0100 	ldrgt	r0, [ip], r0, lsl #2
     be4:	0b000001 	bleq	bf0 <IRQ_STACK_SIZE+0x7f0>
     be8:	0000074a 	andeq	r0, r0, sl, asr #14
     bec:	c6371801 	ldrtgt	r1, [r7], -r1, lsl #16
     bf0:	02000001 	andeq	r0, r0, #1
     bf4:	8e0b4c91 	mcrhi	12, 0, r4, cr11, cr1, {4}
     bf8:	01000007 	tsteq	r0, r7
     bfc:	004f4718 	subeq	r4, pc, r8, lsl r7	; <UNPREDICTABLE>
     c00:	91020000 	mrsls	r0, (UNDEF: 2)
     c04:	076a0b48 	strbeq	r0, [sl, -r8, asr #22]!
     c08:	18010000 	stmdane	r1, {}	; <UNPREDICTABLE>
     c0c:	00004f5d 	andeq	r4, r0, sp, asr pc
     c10:	44910200 	ldrmi	r0, [r1], #512	; 0x200
     c14:	0007880b 	andeq	r8, r7, fp, lsl #16
     c18:	73180100 	tstvc	r8, #0, 2
     c1c:	0000004f 	andeq	r0, r0, pc, asr #32
     c20:	0c409102 	stfeqp	f1, [r0], {2}
     c24:	00000759 	andeq	r0, r0, r9, asr r7
     c28:	4f0e1a01 	svcmi	0x000e1a01
     c2c:	02000000 	andeq	r0, r0, #0
     c30:	760c7491 			; <UNDEFINED> instruction: 0x760c7491
     c34:	01000007 	tsteq	r0, r7
     c38:	004f0e1b 	subeq	r0, pc, fp, lsl lr	; <UNPREDICTABLE>
     c3c:	91020000 	mrsls	r0, (UNDEF: 2)
     c40:	077f0c70 			; <UNDEFINED> instruction: 0x077f0c70
     c44:	1c010000 	stcne	0, cr0, [r1], {-0}
     c48:	00004f0e 	andeq	r4, r0, lr, lsl #30
     c4c:	6c910200 	lfmvs	f0, 4, [r1], {0}
     c50:	0007c80c 	andeq	ip, r7, ip, lsl #16
     c54:	0f1e0100 	svceq	0x001e0100
     c58:	000001c6 	andeq	r0, r0, r6, asr #3
     c5c:	0c689102 	stfeqp	f1, [r8], #-8
     c60:	0000079a 	muleq	r0, sl, r7
     c64:	c60f3c01 	strgt	r3, [pc], -r1, lsl #24
     c68:	02000001 	andeq	r0, r0, #1
     c6c:	800d5491 	mulhi	sp, r1, r4
     c70:	8e000000 	cdphi	0, 0, cr0, cr0, cr0, {0}
     c74:	0c000001 	stceq	0, cr0, [r0], {1}
     c78:	00000739 	andeq	r0, r0, r9, lsr r7
     c7c:	c6132901 	ldrgt	r2, [r3], -r1, lsl #18
     c80:	02000001 	andeq	r0, r0, #1
     c84:	0e005891 	mcreq	8, 0, r5, cr0, cr1, {4}
     c88:	70010d38 	andvc	r0, r1, r8, lsr sp
     c8c:	00000060 	andeq	r0, r0, r0, rrx
     c90:	7875610f 	ldmdavc	r5!, {r0, r1, r2, r3, r8, sp, lr}^
     c94:	13330100 	teqne	r3, #0, 2
     c98:	000001c6 	andeq	r0, r0, r6, asr #3
     c9c:	0c649102 	stfeqp	f1, [r4], #-8
     ca0:	000007a6 	andeq	r0, r0, r6, lsr #15
     ca4:	c6133401 	ldrgt	r3, [r3], -r1, lsl #8
     ca8:	02000001 	andeq	r0, r0, #1
     cac:	2e0c6091 	mcrcs	0, 0, r6, cr12, cr1, {4}
     cb0:	01000007 	tsteq	r0, r7
     cb4:	01c61336 	biceq	r1, r6, r6, lsr r3
     cb8:	91020000 	mrsls	r0, (UNDEF: 2)
     cbc:	1000005c 	andne	r0, r0, ip, asr r0
     cc0:	00004f04 	andeq	r4, r0, r4, lsl #30
     cc4:	02240000 	eoreq	r0, r4, #0
     cc8:	00040000 	andeq	r0, r4, r0
     ccc:	00000555 	andeq	r0, r0, r5, asr r5
     cd0:	000e0104 	andeq	r0, lr, r4, lsl #2
     cd4:	cf0c0000 	svcgt	0x000c0000
     cd8:	ed000007 	stc	0, cr0, [r0, #-28]	; 0xffffffe4
     cdc:	a8000000 	stmdage	r0, {}	; <UNPREDICTABLE>
     ce0:	00000000 	andeq	r0, r0, r0
     ce4:	22000000 	andcs	r0, r0, #0
     ce8:	02000006 	andeq	r0, r0, #6
     cec:	6e690504 	cdpvs	5, 6, cr0, cr9, cr4, {0}
     cf0:	04030074 	streq	r0, [r3], #-116	; 0xffffff8c
     cf4:	0000b507 	andeq	fp, r0, r7, lsl #10
     cf8:	06010300 	streq	r0, [r1], -r0, lsl #6
     cfc:	000000c4 	andeq	r0, r0, r4, asr #1
     d00:	e3050203 	movw	r0, #20995	; 0x5203
     d04:	03000000 	movweq	r0, #0
     d08:	00050504 	andeq	r0, r5, r4, lsl #10
     d0c:	08030000 	stmdaeq	r3, {}	; <UNPREDICTABLE>
     d10:	00000005 	andeq	r0, r0, r5
     d14:	023c0400 	eorseq	r0, ip, #0, 8
     d18:	2e020000 	cdpcs	0, 0, cr0, cr2, cr0, {0}
     d1c:	00005b18 	andeq	r5, r0, r8, lsl fp
     d20:	08010300 	stmdaeq	r1, {r8, r9}
     d24:	000000c2 	andeq	r0, r0, r2, asr #1
     d28:	d0070203 	andle	r0, r7, r3, lsl #4
     d2c:	04000000 	streq	r0, [r0], #-0
     d30:	000001b3 			; <UNDEFINED> instruction: 0x000001b3
     d34:	75193402 	ldrvc	r3, [r9, #-1026]	; 0xfffffbfe
     d38:	03000000 	movweq	r0, #0
     d3c:	00b00704 	adcseq	r0, r0, r4, lsl #14
     d40:	08030000 	stmdaeq	r3, {}	; <UNPREDICTABLE>
     d44:	0000ab07 	andeq	sl, r0, r7, lsl #22
     d48:	10000500 	andne	r0, r0, r0, lsl #10
     d4c:	a4120c03 	ldrge	r0, [r2], #-3075	; 0xfffff3fd
     d50:	06000001 	streq	r0, [r0], -r1
     d54:	00000202 	andeq	r0, r0, r2, lsl #4
     d58:	690c0d03 	stmdbvs	ip, {r0, r1, r8, sl, fp}
     d5c:	00000000 	andeq	r0, r0, r0
     d60:	00024d06 	andeq	r4, r2, r6, lsl #26
     d64:	0c0e0300 	stceq	3, cr0, [lr], {-0}
     d68:	00000069 	andeq	r0, r0, r9, rrx
     d6c:	02e70604 	rsceq	r0, r7, #4, 12	; 0x400000
     d70:	0f030000 	svceq	0x00030000
     d74:	0000690c 	andeq	r6, r0, ip, lsl #18
     d78:	2c060800 	stccs	8, cr0, [r6], {-0}
     d7c:	03000003 	movweq	r0, #3
     d80:	00690c10 	rsbeq	r0, r9, r0, lsl ip
     d84:	060c0000 	streq	r0, [ip], -r0
     d88:	00000225 	andeq	r0, r0, r5, lsr #4
     d8c:	690c1103 	stmdbvs	ip, {r0, r1, r8, ip}
     d90:	10000000 	andne	r0, r0, r0
     d94:	0002fc06 	andeq	pc, r2, r6, lsl #24
     d98:	0c120300 	ldceq	3, cr0, [r2], {-0}
     d9c:	00000069 	andeq	r0, r0, r9, rrx
     da0:	03120614 	tsteq	r2, #20, 12	; 0x1400000
     da4:	13030000 	movwne	r0, #12288	; 0x3000
     da8:	0000690c 	andeq	r6, r0, ip, lsl #18
     dac:	5f061800 	svcpl	0x00061800
     db0:	03000002 	movweq	r0, #2
     db4:	01a90314 			; <UNDEFINED> instruction: 0x01a90314
     db8:	061c0000 	ldreq	r0, [ip], -r0
     dbc:	00000280 	andeq	r0, r0, r0, lsl #5
     dc0:	690c1503 	stmdbvs	ip, {r0, r1, r8, sl, ip}
     dc4:	20000000 	andcs	r0, r0, r0
     dc8:	00030606 	andeq	r0, r3, r6, lsl #12
     dcc:	0c160300 	ldceq	3, cr0, [r6], {-0}
     dd0:	00000069 	andeq	r0, r0, r9, rrx
     dd4:	020d0624 	andeq	r0, sp, #36, 12	; 0x2400000
     dd8:	17030000 	strne	r0, [r3, -r0]
     ddc:	0000690c 	andeq	r6, r0, ip, lsl #18
     de0:	73062800 	movwvc	r2, #26624	; 0x6800
     de4:	03000002 	movweq	r0, #2
     de8:	00690c18 	rsbeq	r0, r9, r8, lsl ip
     dec:	062c0000 	strteq	r0, [ip], -r0
     df0:	0000028b 	andeq	r0, r0, fp, lsl #5
     df4:	690c1903 	stmdbvs	ip, {r0, r1, r8, fp, ip}
     df8:	30000000 	andcc	r0, r0, r0
     dfc:	0001f806 	andeq	pc, r1, r6, lsl #16
     e00:	0c1a0300 	ldceq	3, cr0, [sl], {-0}
     e04:	00000069 	andeq	r0, r0, r9, rrx
     e08:	031f0634 	tsteq	pc, #52, 12	; 0x3400000
     e0c:	1b030000 	blne	c0e14 <_tarea_1_stack_phy_size_+0xc0094>
     e10:	0000690c 	andeq	r6, r0, ip, lsl #18
     e14:	69063800 	stmdbvs	r6, {fp, ip, sp}
     e18:	03000002 	movweq	r0, #2
     e1c:	01b9031c 			; <UNDEFINED> instruction: 0x01b9031c
     e20:	073c0000 	ldreq	r0, [ip, -r0]!
     e24:	000002ab 	andeq	r0, r0, fp, lsr #5
     e28:	690c1d03 	stmdbvs	ip, {r0, r1, r8, sl, fp, ip}
     e2c:	00000000 	andeq	r0, r0, r0
     e30:	02f2070f 	rscseq	r0, r2, #3932160	; 0x3c0000
     e34:	1e030000 	cdpne	0, 0, cr0, cr3, cr0, {0}
     e38:	0000690c 	andeq	r6, r0, ip, lsl #18
     e3c:	070f0400 	streq	r0, [pc, -r0, lsl #8]
     e40:	000002bb 			; <UNDEFINED> instruction: 0x000002bb
     e44:	ca031f03 	bgt	c8a58 <_tarea_1_stack_phy_size_+0xc7cd8>
     e48:	08000001 	stmdaeq	r0, {r0}
     e4c:	0244070f 	subeq	r0, r4, #3932160	; 0x3c0000
     e50:	20030000 	andcs	r0, r3, r0
     e54:	0001da0c 	andeq	sp, r1, ip, lsl #20
     e58:	070fe000 	streq	lr, [pc, -r0]
     e5c:	00000218 	andeq	r0, r0, r8, lsl r2
     e60:	da0d2103 	ble	349274 <_tarea_1_stack_phy_size_+0x3484f4>
     e64:	f0000001 			; <UNDEFINED> instruction: 0xf0000001
     e68:	8308000f 	movwhi	r0, #32783	; 0x800f
     e6c:	09000000 	stmdbeq	r0, {}	; <UNPREDICTABLE>
     e70:	0000004f 	andeq	r0, r0, pc, asr #32
     e74:	000001b9 			; <UNDEFINED> instruction: 0x000001b9
     e78:	00002c0a 	andeq	r2, r0, sl, lsl #24
     e7c:	09000300 	stmdbeq	r0, {r8, r9}
     e80:	0000004f 	andeq	r0, r0, pc, asr #32
     e84:	000001ca 	andeq	r0, r0, sl, asr #3
     e88:	00002c0b 	andeq	r2, r0, fp, lsl #24
     e8c:	000ec300 	andeq	ip, lr, r0, lsl #6
     e90:	00004f09 	andeq	r4, r0, r9, lsl #30
     e94:	0001da00 	andeq	sp, r1, r0, lsl #20
     e98:	002c0a00 	eoreq	r0, ip, r0, lsl #20
     e9c:	00d70000 	sbcseq	r0, r7, r0
     ea0:	00006909 	andeq	r6, r0, r9, lsl #18
     ea4:	0001ea00 	andeq	lr, r1, r0, lsl #20
     ea8:	002c0a00 	eoreq	r0, ip, r0, lsl #20
     eac:	00030000 	andeq	r0, r3, r0
     eb0:	00029504 	andeq	r9, r2, r4, lsl #10
     eb4:	03220300 			; <UNDEFINED> instruction: 0x03220300
     eb8:	000001a4 	andeq	r0, r0, r4, lsr #3
     ebc:	0007e10c 	andeq	lr, r7, ip, lsl #2
     ec0:	28030100 	stmdacs	r3, {r8}
     ec4:	70010da8 	andvc	r0, r1, r8, lsr #27
     ec8:	0000007c 	andeq	r0, r0, ip, ror r0
     ecc:	021c9c01 	andseq	r9, ip, #256	; 0x100
     ed0:	390d0000 	stmdbcc	sp, {}	; <UNPREDICTABLE>
     ed4:	01000003 	tsteq	r0, r3
     ed8:	02221906 	eoreq	r1, r2, #98304	; 0x18000
     edc:	91020000 	mrsls	r0, (UNDEF: 2)
     ee0:	040e0074 	streq	r0, [lr], #-116	; 0xffffff8c
     ee4:	000001ea 	andeq	r0, r0, sl, ror #3
     ee8:	00021c0f 	andeq	r1, r2, pc, lsl #24
     eec:	03120000 	tsteq	r2, #0
     ef0:	00040000 	andeq	r0, r4, r0
     ef4:	0000061c 	andeq	r0, r0, ip, lsl r6
     ef8:	000e0104 	andeq	r0, lr, r4, lsl #2
     efc:	970c0000 	strls	r0, [ip, -r0]
     f00:	ed000008 	stc	0, cr0, [r0, #-32]	; 0xffffffe0
     f04:	b8000000 	stmdalt	r0, {}	; <UNPREDICTABLE>
     f08:	00000000 	andeq	r0, r0, r0
     f0c:	c7000000 	strgt	r0, [r0, -r0]
     f10:	02000006 	andeq	r0, r0, #6
     f14:	6e690504 	cdpvs	5, 6, cr0, cr9, cr4, {0}
     f18:	04030074 	streq	r0, [r3], #-116	; 0xffffff8c
     f1c:	0000b507 	andeq	fp, r0, r7, lsl #10
     f20:	06010300 	streq	r0, [r1], -r0, lsl #6
     f24:	000000c4 	andeq	r0, r0, r4, asr #1
     f28:	e3050203 	movw	r0, #20995	; 0x5203
     f2c:	03000000 	movweq	r0, #0
     f30:	00050504 	andeq	r0, r5, r4, lsl #10
     f34:	08030000 	stmdaeq	r3, {}	; <UNPREDICTABLE>
     f38:	00000005 	andeq	r0, r0, r5
     f3c:	023c0400 	eorseq	r0, ip, #0, 8
     f40:	2e020000 	cdpcs	0, 0, cr0, cr2, cr0, {0}
     f44:	00005b18 	andeq	r5, r0, r8, lsl fp
     f48:	08010300 	stmdaeq	r1, {r8, r9}
     f4c:	000000c2 	andeq	r0, r0, r2, asr #1
     f50:	d0070203 	andle	r0, r7, r3, lsl #4
     f54:	04000000 	streq	r0, [r0], #-0
     f58:	000001b3 			; <UNDEFINED> instruction: 0x000001b3
     f5c:	75193402 	ldrvc	r3, [r9, #-1026]	; 0xfffffbfe
     f60:	03000000 	movweq	r0, #0
     f64:	00b00704 	adcseq	r0, r0, r4, lsl #14
     f68:	08030000 	stmdaeq	r3, {}	; <UNPREDICTABLE>
     f6c:	0000ab07 	andeq	sl, r0, r7, lsl #22
     f70:	031c0500 	tsteq	ip, #0, 10
     f74:	00e8121e 	rsceq	r1, r8, lr, lsl r2
     f78:	40060000 	andmi	r0, r6, r0
     f7c:	03000003 	movweq	r0, #3
     f80:	00691520 	rsbeq	r1, r9, r0, lsr #10
     f84:	07000000 	streq	r0, [r0, -r0]
     f88:	00524d50 	subseq	r4, r2, r0, asr sp
     f8c:	69152103 	ldmdbvs	r5, {r0, r1, r8, sp}
     f90:	04000000 	streq	r0, [r0], #-0
     f94:	52504207 	subspl	r4, r0, #1879048192	; 0x70000000
     f98:	15220300 	strne	r0, [r2, #-768]!	; 0xfffffd00
     f9c:	00000069 	andeq	r0, r0, r9, rrx
     fa0:	41490708 	cmpmi	r9, r8, lsl #14
     fa4:	23030052 	movwcs	r0, #12370	; 0x3052
     fa8:	00006915 	andeq	r6, r0, r5, lsl r9
     fac:	37060c00 	strcc	r0, [r6, -r0, lsl #24]
     fb0:	03000002 	movweq	r0, #2
     fb4:	00691524 	rsbeq	r1, r9, r4, lsr #10
     fb8:	07100000 	ldreq	r0, [r0, -r0]
     fbc:	00525052 	subseq	r5, r2, r2, asr r0
     fc0:	69152503 	ldmdbvs	r5, {r0, r1, r8, sl, sp}
     fc4:	14000000 	strne	r0, [r0], #-0
     fc8:	0002b506 	andeq	fp, r2, r6, lsl #10
     fcc:	15260300 	strne	r0, [r6, #-768]!	; 0xfffffd00
     fd0:	00000069 	andeq	r0, r0, r9, rrx
     fd4:	83080018 	movwhi	r0, #32792	; 0x8018
     fd8:	04000000 	streq	r0, [r0], #-0
     fdc:	0000022f 	andeq	r0, r0, pc, lsr #4
     fe0:	e8072703 	stmda	r7, {r0, r1, r8, r9, sl, sp}
     fe4:	09000000 	stmdbeq	r0, {}	; <UNPREDICTABLE>
     fe8:	29031000 	stmdbcs	r3, {ip}
     fec:	00022712 	andeq	r2, r2, r2, lsl r7
     ff0:	03400600 	movteq	r0, #1536	; 0x600
     ff4:	2b030000 	blcs	c0ffc <_tarea_1_stack_phy_size_+0xc027c>
     ff8:	00006912 	andeq	r6, r0, r2, lsl r9
     ffc:	02060000 	andeq	r0, r6, #0
    1000:	03000008 	movweq	r0, #8
    1004:	0069122c 	rsbeq	r1, r9, ip, lsr #4
    1008:	06040000 	streq	r0, [r4], -r0
    100c:	0000025f 	andeq	r0, r0, pc, asr r2
    1010:	2c092d03 	stccs	13, cr2, [r9], {3}
    1014:	08000002 	stmdaeq	r0, {r1}
    1018:	0008320a 	andeq	r3, r8, sl, lsl #4
    101c:	122e0300 	eorne	r0, lr, #0, 6
    1020:	0000023c 	andeq	r0, r0, ip, lsr r2
    1024:	690a0100 	stmdbvs	sl, {r8}
    1028:	03000002 	movweq	r0, #2
    102c:	024c092f 	subeq	r0, ip, #770048	; 0xbc000
    1030:	010c0000 	mrseq	r0, (UNDEF: 12)
    1034:	00083c0a 	andeq	r3, r8, sl, lsl #24
    1038:	12300300 	eorsne	r0, r0, #0, 6
    103c:	0000023c 	andeq	r0, r0, ip, lsr r2
    1040:	bb0a0180 	bllt	281648 <_tarea_1_stack_phy_size_+0x2808c8>
    1044:	03000002 	movweq	r0, #2
    1048:	024c0931 	subeq	r0, ip, #802816	; 0xc4000
    104c:	018c0000 	orreq	r0, ip, r0
    1050:	0008620a 	andeq	r6, r8, sl, lsl #4
    1054:	12320300 	eorsne	r0, r2, #0, 6
    1058:	0000023c 	andeq	r0, r0, ip, lsr r2
    105c:	790a0200 	stmdbvc	sl, {r9}
    1060:	03000008 	movweq	r0, #8
    1064:	024c0933 	subeq	r0, ip, #835584	; 0xcc000
    1068:	020c0000 	andeq	r0, ip, #0
    106c:	00085a0a 	andeq	r5, r8, sl, lsl #20
    1070:	12340300 	eorsne	r0, r4, #0, 6
    1074:	0000023c 	andeq	r0, r0, ip, lsr r2
    1078:	830a0280 	movwhi	r0, #41600	; 0xa280
    107c:	03000008 	movweq	r0, #8
    1080:	024c0935 	subeq	r0, ip, #868352	; 0xd4000
    1084:	028c0000 	addeq	r0, ip, #0
    1088:	0008460a 	andeq	r4, r8, sl, lsl #12
    108c:	12360300 	eorsne	r0, r6, #0, 6
    1090:	0000023c 	andeq	r0, r0, ip, lsr r2
    1094:	8d0a0300 	stchi	3, cr0, [sl, #-0]
    1098:	03000008 	movweq	r0, #8
    109c:	025c0937 	subseq	r0, ip, #901120	; 0xdc000
    10a0:	030c0000 	movweq	r0, #49152	; 0xc000
    10a4:	00081f0a 	andeq	r1, r8, sl, lsl #30
    10a8:	12380300 	eorsne	r0, r8, #0, 6
    10ac:	0000026c 	andeq	r0, r0, ip, ror #4
    10b0:	500a0400 	andpl	r0, sl, r0, lsl #8
    10b4:	03000008 	movweq	r0, #8
    10b8:	027c0939 	rsbseq	r0, ip, #933888	; 0xe4000
    10bc:	04600000 	strbteq	r0, [r0], #-0
    10c0:	00086a0a 	andeq	r6, r8, sl, lsl #20
    10c4:	123a0300 	eorsne	r0, sl, #0, 6
    10c8:	0000026c 	andeq	r0, r0, ip, ror #4
    10cc:	a70a0800 	strge	r0, [sl, -r0, lsl #16]
    10d0:	03000008 	movweq	r0, #8
    10d4:	027c093b 	rsbseq	r0, ip, #966656	; 0xec000
    10d8:	08600000 	stmdaeq	r0!, {}^	; <UNPREDICTABLE>
    10dc:	0008190a 	andeq	r1, r8, sl, lsl #18
    10e0:	123c0300 	eorsne	r0, ip, #0, 6
    10e4:	0000028d 	andeq	r0, r0, sp, lsl #5
    10e8:	ee0a0c00 	cdp	12, 0, cr0, cr10, cr0, {0}
    10ec:	03000007 	movweq	r0, #7
    10f0:	029d093d 	addseq	r0, sp, #999424	; 0xf4000
    10f4:	0c180000 	ldceq	0, cr0, [r8], {-0}
    10f8:	0008740a 	andeq	r7, r8, sl, lsl #8
    10fc:	123e0300 	eorsne	r0, lr, #0, 6
    1100:	00000069 	andeq	r0, r0, r9, rrx
    1104:	f80a0f00 			; <UNDEFINED> instruction: 0xf80a0f00
    1108:	03000007 	movweq	r0, #7
    110c:	02ae093f 	adceq	r0, lr, #1032192	; 0xfc000
    1110:	0f040000 	svceq	0x00040000
    1114:	00f90800 	rscseq	r0, r9, r0, lsl #16
    1118:	4f0b0000 	svcmi	0x000b0000
    111c:	3c000000 	stccc	0, cr0, [r0], {-0}
    1120:	0c000002 	stceq	0, cr0, [r0], {2}
    1124:	0000002c 	andeq	r0, r0, ip, lsr #32
    1128:	690b00f4 	stmdbvs	fp, {r2, r4, r5, r6, r7}
    112c:	4c000000 	stcmi	0, cr0, [r0], {-0}
    1130:	0c000002 	stceq	0, cr0, [r0], {2}
    1134:	0000002c 	andeq	r0, r0, ip, lsr #32
    1138:	4f0b0002 	svcmi	0x000b0002
    113c:	5c000000 	stcpl	0, cr0, [r0], {-0}
    1140:	0c000002 	stceq	0, cr0, [r0], {2}
    1144:	0000002c 	andeq	r0, r0, ip, lsr #32
    1148:	4f0b0070 	svcmi	0x000b0070
    114c:	6c000000 	stcvs	0, cr0, [r0], {-0}
    1150:	0c000002 	stceq	0, cr0, [r0], {2}
    1154:	0000002c 	andeq	r0, r0, ip, lsr #32
    1158:	690b00f0 	stmdbvs	fp, {r4, r5, r6, r7}
    115c:	7c000000 	stcvc	0, cr0, [r0], {-0}
    1160:	0c000002 	stceq	0, cr0, [r0], {2}
    1164:	0000002c 	andeq	r0, r0, ip, lsr #32
    1168:	4f0b0017 	svcmi	0x000b0017
    116c:	8d000000 	stchi	0, cr0, [r0, #-0]
    1170:	0d000002 	stceq	0, cr0, [r0, #-8]
    1174:	0000002c 	andeq	r0, r0, ip, lsr #32
    1178:	0b00039c 	bleq	1ff0 <_tarea_1_stack_phy_size_+0x1270>
    117c:	00000069 	andeq	r0, r0, r9, rrx
    1180:	0000029d 	muleq	r0, sp, r2
    1184:	00002c0c 	andeq	r2, r0, ip, lsl #24
    1188:	0b000500 	bleq	2590 <_tarea_1_stack_phy_size_+0x1810>
    118c:	0000004f 	andeq	r0, r0, pc, asr #32
    1190:	000002ae 	andeq	r0, r0, lr, lsr #5
    1194:	00002c0d 	andeq	r2, r0, sp, lsl #24
    1198:	0002e400 	andeq	lr, r2, r0, lsl #8
    119c:	00004f0b 	andeq	r4, r0, fp, lsl #30
    11a0:	0002be00 	andeq	fp, r2, r0, lsl #28
    11a4:	002c0c00 	eoreq	r0, ip, r0, lsl #24
    11a8:	00f80000 	rscseq	r0, r8, r0
    11ac:	00082a04 	andeq	r2, r8, r4, lsl #20
    11b0:	07400300 	strbeq	r0, [r0, -r0, lsl #6]
    11b4:	00000227 	andeq	r0, r0, r7, lsr #4
    11b8:	0008080e 	andeq	r0, r8, lr, lsl #16
    11bc:	28030100 	stmdacs	r3, {r8}
    11c0:	70010e24 	andvc	r0, r1, r4, lsr #28
    11c4:	0000007c 	andeq	r0, r0, ip, ror r0
    11c8:	02ff9c01 	rscseq	r9, pc, #256	; 0x100
    11cc:	590f0000 	stmdbpl	pc, {}	; <UNPREDICTABLE>
    11d0:	01000002 	tsteq	r0, r2
    11d4:	03051806 	movweq	r1, #22534	; 0x5806
    11d8:	91020000 	mrsls	r0, (UNDEF: 2)
    11dc:	08130f74 	ldmdaeq	r3, {r2, r4, r5, r6, r8, r9, sl, fp}
    11e0:	08010000 	stmdaeq	r1, {}	; <UNPREDICTABLE>
    11e4:	00031018 	andeq	r1, r3, r8, lsl r0
    11e8:	70910200 	addsvc	r0, r1, r0, lsl #4
    11ec:	ed041000 	stc	0, cr1, [r4, #-0]
    11f0:	11000000 	mrsne	r0, (UNDEF: 0)
    11f4:	000002ff 	strdeq	r0, [r0], -pc	; <UNPREDICTABLE>
    11f8:	02be0410 	adcseq	r0, lr, #16, 8	; 0x10000000
    11fc:	0a110000 	beq	441204 <_tarea_1_stack_phy_size_+0x440484>
    1200:	00000003 	andeq	r0, r0, r3
    1204:	000000f5 	strdeq	r0, [r0], -r5
    1208:	07030004 	streq	r0, [r3, -r4]
    120c:	01040000 	mrseq	r0, (UNDEF: 4)
    1210:	0000000e 	andeq	r0, r0, lr
    1214:	0008b10c 	andeq	fp, r8, ip, lsl #2
    1218:	0000ed00 	andeq	lr, r0, r0, lsl #26
    121c:	010ea000 	mrseq	sl, (UNDEF: 14)
    1220:	00008470 	andeq	r8, r0, r0, ror r4
    1224:	00076900 	andeq	r6, r7, r0, lsl #18
    1228:	06010200 	streq	r0, [r1], -r0, lsl #4
    122c:	000000c4 	andeq	r0, r0, r4, asr #1
    1230:	e3050202 	movw	r0, #20994	; 0x5202
    1234:	02000000 	andeq	r0, r0, #0
    1238:	00050504 	andeq	r0, r5, r4, lsl #10
    123c:	08020000 	stmdaeq	r2, {}	; <UNPREDICTABLE>
    1240:	00000005 	andeq	r0, r0, r5
    1244:	08010200 	stmdaeq	r1, {r9}
    1248:	000000c2 	andeq	r0, r0, r2, asr #1
    124c:	d0070202 	andle	r0, r7, r2, lsl #4
    1250:	03000000 	movweq	r0, #0
    1254:	000001b3 			; <UNDEFINED> instruction: 0x000001b3
    1258:	60193402 	andsvs	r3, r9, r2, lsl #8
    125c:	04000000 	streq	r0, [r0], #-0
    1260:	0000004f 	andeq	r0, r0, pc, asr #32
    1264:	b0070402 	andlt	r0, r7, r2, lsl #8
    1268:	02000000 	andeq	r0, r0, #0
    126c:	00ab0708 	adceq	r0, fp, r8, lsl #14
    1270:	04050000 	streq	r0, [r5], #-0
    1274:	746e6905 	strbtvc	r6, [lr], #-2309	; 0xfffff6fb
    1278:	07040200 	streq	r0, [r4, -r0, lsl #4]
    127c:	000000b5 	strheq	r0, [r0], -r5
    1280:	cb080102 	blgt	201690 <_tarea_1_stack_phy_size_+0x200910>
    1284:	06000000 	streq	r0, [r0], -r0
    1288:	000008c5 	andeq	r0, r0, r5, asr #17
    128c:	a0060501 	andge	r0, r6, r1, lsl #10
    1290:	8470010e 	ldrbthi	r0, [r0], #-270	; 0xfffffef2
    1294:	01000000 	mrseq	r0, (UNDEF: 0)
    1298:	0000ec9c 	muleq	r0, ip, ip
    129c:	73640700 	cmnvc	r4, #0, 14
    12a0:	05010074 	streq	r0, [r1, #-116]	; 0xffffff8c
    12a4:	0000ec18 	andeq	lr, r0, r8, lsl ip
    12a8:	6c910200 	lfmvs	f0, 4, [r1], {0}
    12ac:	63727307 	cmnvs	r2, #469762048	; 0x1c000000
    12b0:	2d050100 	stfcss	f0, [r5, #-0]
    12b4:	000000f2 	strdeq	r0, [r0], -r2
    12b8:	08689102 	stmdaeq	r8!, {r1, r8, ip, pc}^
    12bc:	000008cd 	andeq	r0, r0, sp, asr #17
    12c0:	4f3b0501 	svcmi	0x003b0501
    12c4:	02000000 	andeq	r0, r0, #0
    12c8:	70096491 	mulvc	r9, r1, r4
    12cc:	07010066 	streq	r0, [r1, -r6, rrx]
    12d0:	0000ec10 	andeq	lr, r0, r0, lsl ip
    12d4:	74910200 	ldrvc	r0, [r1], #512	; 0x200
    12d8:	010ec00a 	tsteq	lr, sl
    12dc:	00005470 	andeq	r5, r0, r0, ror r4
    12e0:	00690900 	rsbeq	r0, r9, r0, lsl #18
    12e4:	4f130801 	svcmi	0x00130801
    12e8:	02000000 	andeq	r0, r0, #0
    12ec:	00007091 	muleq	r0, r1, r0
    12f0:	004f040b 	subeq	r0, pc, fp, lsl #8
    12f4:	040b0000 	streq	r0, [fp], #-0
    12f8:	0000005b 	andeq	r0, r0, fp, asr r0
    12fc:	00026900 	andeq	r6, r2, r0, lsl #18
    1300:	a4000400 	strge	r0, [r0], #-1024	; 0xfffffc00
    1304:	04000007 	streq	r0, [r0], #-7
    1308:	00000e01 	andeq	r0, r0, r1, lsl #28
    130c:	095d0c00 	ldmdbeq	sp, {sl, fp}^
    1310:	00ed0000 	rsceq	r0, sp, r0
    1314:	00c80000 	sbceq	r0, r8, r0
    1318:	00000000 	andeq	r0, r0, r0
    131c:	08200000 	stmdaeq	r0!, {}	; <UNPREDICTABLE>
    1320:	04020000 	streq	r0, [r2], #-0
    1324:	746e6905 	strbtvc	r6, [lr], #-2309	; 0xfffff6fb
    1328:	07040300 	streq	r0, [r4, -r0, lsl #6]
    132c:	000000b5 	strheq	r0, [r0], -r5
    1330:	c4060103 	strgt	r0, [r6], #-259	; 0xfffffefd
    1334:	03000000 	movweq	r0, #0
    1338:	00e30502 	rsceq	r0, r3, r2, lsl #10
    133c:	04030000 	streq	r0, [r3], #-0
    1340:	00000505 	andeq	r0, r0, r5, lsl #10
    1344:	05080300 	streq	r0, [r8, #-768]	; 0xfffffd00
    1348:	00000000 	andeq	r0, r0, r0
    134c:	c2080103 	andgt	r0, r8, #-1073741824	; 0xc0000000
    1350:	03000000 	movweq	r0, #0
    1354:	00d00702 	sbcseq	r0, r0, r2, lsl #14
    1358:	b3040000 	movwlt	r0, #16384	; 0x4000
    135c:	03000001 	movweq	r0, #1
    1360:	00691934 	rsbeq	r1, r9, r4, lsr r9
    1364:	04030000 	streq	r0, [r3], #-0
    1368:	0000b007 	andeq	fp, r0, r7
    136c:	07080300 	streq	r0, [r8, -r0, lsl #6]
    1370:	000000ab 	andeq	r0, r0, fp, lsr #1
    1374:	005d0405 	subseq	r0, sp, r5, lsl #8
    1378:	50060000 	andpl	r0, r6, r0
    137c:	1c000003 	stcne	0, cr0, [r0], {3}
    1380:	e6101902 	ldr	r1, [r0], -r2, lsl #18
    1384:	07000000 	streq	r0, [r0, -r0]
    1388:	00000367 	andeq	r0, r0, r7, ror #6
    138c:	77131a02 	ldrvc	r1, [r3, -r2, lsl #20]
    1390:	00000000 	andeq	r0, r0, r0
    1394:	00035607 	andeq	r5, r3, r7, lsl #12
    1398:	131b0200 	tstne	fp, #0, 4
    139c:	00000077 	andeq	r0, r0, r7, ror r0
    13a0:	036e0704 	cmneq	lr, #4, 14	; 0x100000
    13a4:	1c020000 	stcne	0, cr0, [r2], {-0}
    13a8:	00007713 	andeq	r7, r0, r3, lsl r7
    13ac:	45070800 	strmi	r0, [r7, #-2048]	; 0xfffff800
    13b0:	02000003 	andeq	r0, r0, #3
    13b4:	005d121d 	subseq	r1, sp, sp, lsl r2
    13b8:	070c0000 	streq	r0, [ip, -r0]
    13bc:	000003b0 			; <UNDEFINED> instruction: 0x000003b0
    13c0:	5d121e02 	ldcpl	14, cr1, [r2, #-8]
    13c4:	10000000 	andne	r0, r0, r0
    13c8:	0003aa07 	andeq	sl, r3, r7, lsl #20
    13cc:	121f0200 	andsne	r0, pc, #0, 4
    13d0:	0000005d 	andeq	r0, r0, sp, asr r0
    13d4:	03a30714 			; <UNDEFINED> instruction: 0x03a30714
    13d8:	20020000 	andcs	r0, r2, r0
    13dc:	00007713 	andeq	r7, r0, r3, lsl r7
    13e0:	04001800 	streq	r1, [r0], #-2048	; 0xfffff800
    13e4:	00000350 	andeq	r0, r0, r0, asr r3
    13e8:	7d022102 	stfvcs	f2, [r2, #-8]
    13ec:	06000000 	streq	r0, [r0], -r0
    13f0:	000001cd 	andeq	r0, r0, sp, asr #3
    13f4:	1023020c 	eorne	r0, r3, ip, lsl #4
    13f8:	00000127 	andeq	r0, r0, r7, lsr #2
    13fc:	00016b07 	andeq	r6, r1, r7, lsl #22
    1400:	0e240200 	cdpeq	2, 2, cr0, cr4, cr0, {0}
    1404:	0000005d 	andeq	r0, r0, sp, asr r0
    1408:	01d30700 	bicseq	r0, r3, r0, lsl #14
    140c:	25020000 	strcs	r0, [r2, #-0]
    1410:	00005d0e 	andeq	r5, r0, lr, lsl #26
    1414:	66070400 	strvs	r0, [r7], -r0, lsl #8
    1418:	02000001 	andeq	r0, r0, #1
    141c:	00771026 	rsbseq	r1, r7, r6, lsr #32
    1420:	00080000 	andeq	r0, r8, r0
    1424:	0001cd04 	andeq	ip, r1, r4, lsl #26
    1428:	02270200 	eoreq	r0, r7, #0, 4
    142c:	000000f2 	strdeq	r0, [r0], -r2
    1430:	00097b08 	andeq	r7, r9, r8, lsl #22
    1434:	110a0100 	mrsne	r0, (UNDEF: 26)
    1438:	0000005d 	andeq	r0, r0, sp, asr r0
    143c:	0009b908 	andeq	fp, r9, r8, lsl #18
    1440:	110b0100 	mrsne	r0, (UNDEF: 27)
    1444:	0000005d 	andeq	r0, r0, sp, asr r0
    1448:	00092e08 	andeq	r2, r9, r8, lsl #28
    144c:	110c0100 	mrsne	r0, (UNDEF: 28)
    1450:	0000005d 	andeq	r0, r0, sp, asr r0
    1454:	00094608 	andeq	r4, r9, r8, lsl #12
    1458:	110e0100 	mrsne	r0, (UNDEF: 30)
    145c:	0000005d 	andeq	r0, r0, sp, asr r0
    1460:	0008e308 	andeq	lr, r8, r8, lsl #6
    1464:	110f0100 	mrsne	r0, (UNDEF: 31)
    1468:	0000005d 	andeq	r0, r0, sp, asr r0
    146c:	0009dc08 	andeq	sp, r9, r8, lsl #24
    1470:	11100100 	tstne	r0, r0, lsl #2
    1474:	0000005d 	andeq	r0, r0, sp, asr r0
    1478:	00091008 	andeq	r1, r9, r8
    147c:	11120100 	tstne	r2, r0, lsl #2
    1480:	0000005d 	andeq	r0, r0, sp, asr r0
    1484:	00099b08 	andeq	r9, r9, r8, lsl #22
    1488:	11130100 	tstne	r3, r0, lsl #2
    148c:	0000005d 	andeq	r0, r0, sp, asr r0
    1490:	0000e609 	andeq	lr, r0, r9, lsl #12
    1494:	0001a300 	andeq	sl, r1, r0, lsl #6
    1498:	002c0a00 	eoreq	r0, ip, r0, lsl #20
    149c:	00020000 	andeq	r0, r2, r0
    14a0:	00035d0b 	andeq	r5, r3, fp, lsl #26
    14a4:	28170100 	ldmdacs	r7, {r8}
    14a8:	00000193 	muleq	r0, r3, r1
    14ac:	d0080305 	andle	r0, r8, r5, lsl #6
    14b0:	bc0b7001 	stclt	0, cr7, [fp], {1}
    14b4:	01000001 	tsteq	r0, r1
    14b8:	01272818 			; <UNDEFINED> instruction: 0x01272818
    14bc:	03050000 	movweq	r0, #20480	; 0x5000
    14c0:	7001d05c 	andvc	sp, r1, ip, asr r0
    14c4:	0074660c 	rsbseq	r6, r4, ip, lsl #12
    14c8:	25271901 	strcs	r1, [r7, #-2305]!	; 0xfffff6ff
    14cc:	05000000 	streq	r0, [r0, #-0]
    14d0:	01147003 	tsteq	r4, r3
    14d4:	09720d70 	ldmdbeq	r2!, {r4, r5, r6, r8, sl, fp}^
    14d8:	1d010000 	stcne	0, cr0, [r1, #-0]
    14dc:	010f2427 	tsteq	pc, r7, lsr #8
    14e0:	0004a470 	andeq	sl, r4, r0, ror r4
    14e4:	659c0100 	ldrvs	r0, [ip, #256]	; 0x100
    14e8:	0e000002 	cdpeq	0, 0, cr0, cr0, cr2, {0}
    14ec:	1f010069 	svcne	0x00010069
    14f0:	00002509 	andeq	r2, r0, r9, lsl #10
    14f4:	74910200 	ldrvc	r0, [r1], #512	; 0x200
    14f8:	0009920f 	andeq	r9, r9, pc, lsl #4
    14fc:	0e200100 	sufeqs	f0, f0, f0
    1500:	0000005d 	andeq	r0, r0, sp, asr r0
    1504:	0f589102 	svceq	0x00589102
    1508:	000009f4 	strdeq	r0, [r0], -r4
    150c:	660b2601 	strvs	r2, [fp], -r1, lsl #12
    1510:	02000002 	andeq	r0, r0, #2
    1514:	d10f7091 	swple	r7, r1, [pc]	; <UNPREDICTABLE>
    1518:	01000009 	tsteq	r0, r9
    151c:	02660b27 	rsbeq	r0, r6, #39936	; 0x9c00
    1520:	91020000 	mrsls	r0, (UNDEF: 2)
    1524:	08d80f6c 	ldmeq	r8, {r2, r3, r5, r6, r8, r9, sl, fp}^
    1528:	28010000 	stmdacs	r1, {}	; <UNPREDICTABLE>
    152c:	0002660b 	andeq	r6, r2, fp, lsl #12
    1530:	68910200 	ldmvs	r1, {r9}
    1534:	0008fb0f 	andeq	pc, r8, pc, lsl #22
    1538:	0e5d0100 	rdfeqe	f0, f5, f0
    153c:	0000005d 	andeq	r0, r0, sp, asr r0
    1540:	0f649102 	svceq	0x00649102
    1544:	00000902 	andeq	r0, r0, r2, lsl #18
    1548:	5d0e5e01 	stcpl	14, cr5, [lr, #-4]
    154c:	02000000 	andeq	r0, r0, #0
    1550:	090f6091 	stmdbeq	pc, {r0, r4, r7, sp, lr}	; <UNPREDICTABLE>
    1554:	01000009 	tsteq	r0, r9
    1558:	005d0e5f 	subseq	r0, sp, pc, asr lr
    155c:	91020000 	mrsls	r0, (UNDEF: 2)
    1560:	0510005c 	ldreq	r0, [r0, #-92]	; 0xffffffa4
    1564:	00026504 	andeq	r6, r2, r4, lsl #10
	...

Disassembly of section .debug_abbrev:

00000000 <.debug_abbrev>:
   0:	25011101 	strcs	r1, [r1, #-257]	; 0xfffffeff
   4:	030b130e 	movweq	r1, #45838	; 0xb30e
   8:	550e1b0e 	strpl	r1, [lr, #-2830]	; 0xfffff4f2
   c:	10011117 	andne	r1, r1, r7, lsl r1
  10:	02000017 	andeq	r0, r0, #23
  14:	0b0b0024 	bleq	2c00ac <_tarea_1_stack_phy_size_+0x2bf32c>
  18:	0e030b3e 	vmoveq.16	d3[0], r0
  1c:	24030000 	strcs	r0, [r3], #-0
  20:	3e0b0b00 	vmlacc.f64	d0, d11, d0
  24:	0008030b 	andeq	r0, r8, fp, lsl #6
  28:	00340400 	eorseq	r0, r4, r0, lsl #8
  2c:	0b3a0e03 	bleq	e83840 <_tarea_1_stack_phy_size_+0xe82ac0>
  30:	0b390b3b 	bleq	e42d24 <_tarea_1_stack_phy_size_+0xe41fa4>
  34:	193f1349 	ldmdbne	pc!, {r0, r3, r6, r8, r9, ip}	; <UNPREDICTABLE>
  38:	00001802 	andeq	r1, r0, r2, lsl #16
  3c:	3f002e05 	svccc	0x00002e05
  40:	3a0e0319 	bcc	380cac <_tarea_1_stack_phy_size_+0x37ff2c>
  44:	390b3b0b 	stmdbcc	fp, {r0, r1, r3, r8, r9, fp, ip, sp}
  48:	1119270b 	tstne	r9, fp, lsl #14
  4c:	40061201 	andmi	r1, r6, r1, lsl #4
  50:	19429718 	stmdbne	r2, {r3, r4, r8, r9, sl, ip, pc}^
  54:	01000000 	mrseq	r0, (UNDEF: 0)
  58:	0e250111 	mcreq	1, 1, r0, cr5, cr1, {0}
  5c:	0e030b13 	vmoveq.32	d3[0], r0
  60:	17550e1b 	smmlane	r5, fp, lr, r0
  64:	17100111 			; <UNDEFINED> instruction: 0x17100111
  68:	24020000 	strcs	r0, [r2], #-0
  6c:	3e0b0b00 	vmlacc.f64	d0, d11, d0
  70:	000e030b 	andeq	r0, lr, fp, lsl #6
  74:	00240300 	eoreq	r0, r4, r0, lsl #6
  78:	0b3e0b0b 	bleq	f82cac <_tarea_1_stack_phy_size_+0xf81f2c>
  7c:	00000803 	andeq	r0, r0, r3, lsl #16
  80:	03003404 	movweq	r3, #1028	; 0x404
  84:	3b0b3a0e 	blcc	2ce8c4 <_tarea_1_stack_phy_size_+0x2cdb44>
  88:	490b390b 	stmdbmi	fp, {r0, r1, r3, r8, fp, ip, sp}
  8c:	02193f13 	andseq	r3, r9, #19, 30	; 0x4c
  90:	05000018 	streq	r0, [r0, #-24]	; 0xffffffe8
  94:	193f002e 	ldmdbne	pc!, {r1, r2, r3, r5}	; <UNPREDICTABLE>
  98:	0b3a0e03 	bleq	e838ac <_tarea_1_stack_phy_size_+0xe82b2c>
  9c:	0b390b3b 	bleq	e42d90 <_tarea_1_stack_phy_size_+0xe42010>
  a0:	01111927 	tsteq	r1, r7, lsr #18
  a4:	18400612 	stmdane	r0, {r1, r4, r9, sl}^
  a8:	00194297 	mulseq	r9, r7, r2
  ac:	11010000 	mrsne	r0, (UNDEF: 1)
  b0:	130e2501 	movwne	r2, #58625	; 0xe501
  b4:	1b0e030b 	blne	380ce8 <_tarea_1_stack_phy_size_+0x37ff68>
  b8:	1117550e 	tstne	r7, lr, lsl #10
  bc:	00171001 	andseq	r1, r7, r1
  c0:	002e0200 	eoreq	r0, lr, r0, lsl #4
  c4:	0e03193f 			; <UNDEFINED> instruction: 0x0e03193f
  c8:	0b3b0b3a 	bleq	ec2db8 <_tarea_1_stack_phy_size_+0xec2038>
  cc:	19270b39 	stmdbne	r7!, {r0, r3, r4, r5, r8, r9, fp}
  d0:	06120111 			; <UNDEFINED> instruction: 0x06120111
  d4:	42971840 	addsmi	r1, r7, #64, 16	; 0x400000
  d8:	00000019 	andeq	r0, r0, r9, lsl r0
  dc:	25011101 	strcs	r1, [r1, #-257]	; 0xfffffeff
  e0:	030b130e 	movweq	r1, #45838	; 0xb30e
  e4:	550e1b0e 	strpl	r1, [lr, #-2830]	; 0xfffff4f2
  e8:	10011117 	andne	r1, r1, r7, lsl r1
  ec:	02000017 	andeq	r0, r0, #23
  f0:	0b0b0024 	bleq	2c0188 <_tarea_1_stack_phy_size_+0x2bf408>
  f4:	08030b3e 	stmdaeq	r3, {r1, r2, r3, r4, r5, r8, r9, fp}
  f8:	24030000 	strcs	r0, [r3], #-0
  fc:	3e0b0b00 	vmlacc.f64	d0, d11, d0
 100:	000e030b 	andeq	r0, lr, fp, lsl #6
 104:	00160400 	andseq	r0, r6, r0, lsl #8
 108:	0b3a0e03 	bleq	e8391c <_tarea_1_stack_phy_size_+0xe82b9c>
 10c:	0b390b3b 	bleq	e42e00 <_tarea_1_stack_phy_size_+0xe42080>
 110:	00001349 	andeq	r1, r0, r9, asr #6
 114:	0b000f05 	bleq	3d30 <_tarea_1_stack_phy_size_+0x2fb0>
 118:	0013490b 	andseq	r4, r3, fp, lsl #18
 11c:	01130600 	tsteq	r3, r0, lsl #12
 120:	0b0b0e03 	bleq	2c3934 <_tarea_1_stack_phy_size_+0x2c2bb4>
 124:	0b3b0b3a 	bleq	ec2e14 <_tarea_1_stack_phy_size_+0xec2094>
 128:	13010b39 	movwne	r0, #6969	; 0x1b39
 12c:	0d070000 	stceq	0, cr0, [r7, #-0]
 130:	3a0e0300 	bcc	380d38 <_tarea_1_stack_phy_size_+0x37ffb8>
 134:	390b3b0b 	stmdbcc	fp, {r0, r1, r3, r8, r9, fp, ip, sp}
 138:	3813490b 	ldmdacc	r3, {r0, r1, r3, r8, fp, lr}
 13c:	0800000b 	stmdaeq	r0, {r0, r1, r3}
 140:	0e030034 	mcreq	0, 0, r0, cr3, cr4, {1}
 144:	0b3b0b3a 	bleq	ec2e34 <_tarea_1_stack_phy_size_+0xec20b4>
 148:	13490b39 	movtne	r0, #39737	; 0x9b39
 14c:	193c193f 	ldmdbne	ip!, {r0, r1, r2, r3, r4, r5, r8, fp, ip}
 150:	2e090000 	cdpcs	0, 0, cr0, cr9, cr0, {0}
 154:	03193f01 	tsteq	r9, #1, 30
 158:	3b0b3a0e 	blcc	2ce998 <_tarea_1_stack_phy_size_+0x2cdc18>
 15c:	110b390b 	tstne	fp, fp, lsl #18
 160:	40061201 	andmi	r1, r6, r1, lsl #4
 164:	19429718 	stmdbne	r2, {r3, r4, r8, r9, sl, ip, pc}^
 168:	340a0000 	strcc	r0, [sl], #-0
 16c:	3a080300 	bcc	200d74 <_tarea_1_stack_phy_size_+0x1ffff4>
 170:	390b3b0b 	stmdbcc	fp, {r0, r1, r3, r8, r9, fp, ip, sp}
 174:	0213490b 	andseq	r4, r3, #180224	; 0x2c000
 178:	0b000018 	bleq	1e0 <TAREA_IDLE_IRQ_STACK_SIZE+0xe0>
 17c:	0e030034 	mcreq	0, 0, r0, cr3, cr4, {1}
 180:	0b3b0b3a 	bleq	ec2e70 <_tarea_1_stack_phy_size_+0xec20f0>
 184:	13490b39 	movtne	r0, #39737	; 0x9b39
 188:	00001802 	andeq	r1, r0, r2, lsl #16
 18c:	01110100 	tsteq	r1, r0, lsl #2
 190:	0b130e25 	bleq	4c3a2c <_tarea_1_stack_phy_size_+0x4c2cac>
 194:	0e1b0e03 	cdpeq	14, 1, cr0, cr11, cr3, {0}
 198:	01111755 	tsteq	r1, r5, asr r7
 19c:	00001710 	andeq	r1, r0, r0, lsl r7
 1a0:	03003402 	movweq	r3, #1026	; 0x402
 1a4:	3b0b3a0e 	blcc	2ce9e4 <_tarea_1_stack_phy_size_+0x2cdc64>
 1a8:	490b390b 	stmdbmi	fp, {r0, r1, r3, r8, fp, ip, sp}
 1ac:	3c193f13 	ldccc	15, cr3, [r9], {19}
 1b0:	03000019 	movweq	r0, #25
 1b4:	0b0b0024 	bleq	2c024c <_tarea_1_stack_phy_size_+0x2bf4cc>
 1b8:	08030b3e 	stmdaeq	r3, {r1, r2, r3, r4, r5, r8, r9, fp}
 1bc:	2e040000 	cdpcs	0, 0, cr0, cr4, cr0, {0}
 1c0:	03193f00 	tsteq	r9, #0, 30
 1c4:	3b0b3a0e 	blcc	2cea04 <_tarea_1_stack_phy_size_+0x2cdc84>
 1c8:	270b390b 	strcs	r3, [fp, -fp, lsl #18]
 1cc:	12011119 	andne	r1, r1, #1073741830	; 0x40000006
 1d0:	97184006 	ldrls	r4, [r8, -r6]
 1d4:	00001942 	andeq	r1, r0, r2, asr #18
 1d8:	01110100 	tsteq	r1, r0, lsl #2
 1dc:	0b130e25 	bleq	4c3a78 <_tarea_1_stack_phy_size_+0x4c2cf8>
 1e0:	0e1b0e03 	cdpeq	14, 1, cr0, cr11, cr3, {0}
 1e4:	01111755 	tsteq	r1, r5, asr r7
 1e8:	00001710 	andeq	r1, r0, r0, lsl r7
 1ec:	0b002402 	bleq	91fc <_tarea_1_stack_phy_size_+0x847c>
 1f0:	030b3e0b 	movweq	r3, #48651	; 0xbe0b
 1f4:	03000008 	movweq	r0, #8
 1f8:	0b0b0024 	bleq	2c0290 <_tarea_1_stack_phy_size_+0x2bf510>
 1fc:	0e030b3e 	vmoveq.16	d3[0], r0
 200:	16040000 	strne	r0, [r4], -r0
 204:	3a0e0300 	bcc	380e0c <_tarea_1_stack_phy_size_+0x38008c>
 208:	390b3b0b 	stmdbcc	fp, {r0, r1, r3, r8, r9, fp, ip, sp}
 20c:	0013490b 	andseq	r4, r3, fp, lsl #18
 210:	01130500 	tsteq	r3, r0, lsl #10
 214:	0b3a0b0b 	bleq	e82e48 <_tarea_1_stack_phy_size_+0xe820c8>
 218:	0b390b3b 	bleq	e42f0c <_tarea_1_stack_phy_size_+0xe4218c>
 21c:	00001301 	andeq	r1, r0, r1, lsl #6
 220:	03000d06 	movweq	r0, #3334	; 0xd06
 224:	3b0b3a0e 	blcc	2cea64 <_tarea_1_stack_phy_size_+0x2cdce4>
 228:	490b390b 	stmdbmi	fp, {r0, r1, r3, r8, fp, ip, sp}
 22c:	000b3813 	andeq	r3, fp, r3, lsl r8
 230:	000d0700 	andeq	r0, sp, r0, lsl #14
 234:	0b3a0803 	bleq	e82248 <_tarea_1_stack_phy_size_+0xe814c8>
 238:	0b390b3b 	bleq	e42f2c <_tarea_1_stack_phy_size_+0xe421ac>
 23c:	0b381349 	bleq	e04f68 <_tarea_1_stack_phy_size_+0xe041e8>
 240:	35080000 	strcc	r0, [r8, #-0]
 244:	00134900 	andseq	r4, r3, r0, lsl #18
 248:	01130900 	tsteq	r3, r0, lsl #18
 24c:	0b3a050b 	bleq	e81680 <_tarea_1_stack_phy_size_+0xe80900>
 250:	0b390b3b 	bleq	e42f44 <_tarea_1_stack_phy_size_+0xe421c4>
 254:	00001301 	andeq	r1, r0, r1, lsl #6
 258:	03000d0a 	movweq	r0, #3338	; 0xd0a
 25c:	3b0b3a0e 	blcc	2cea9c <_tarea_1_stack_phy_size_+0x2cdd1c>
 260:	490b390b 	stmdbmi	fp, {r0, r1, r3, r8, fp, ip, sp}
 264:	00053813 	andeq	r3, r5, r3, lsl r8
 268:	01010b00 	tsteq	r1, r0, lsl #22
 26c:	13011349 	movwne	r1, #4937	; 0x1349
 270:	210c0000 	mrscs	r0, (UNDEF: 12)
 274:	2f134900 	svccs	0x00134900
 278:	0d00000b 	stceq	0, cr0, [r0, #-44]	; 0xffffffd4
 27c:	13490021 	movtne	r0, #36897	; 0x9021
 280:	0000052f 	andeq	r0, r0, pc, lsr #10
 284:	0301130e 	movweq	r1, #4878	; 0x130e
 288:	3a0b0b0e 	bcc	2c2ec8 <_tarea_1_stack_phy_size_+0x2c2148>
 28c:	390b3b0b 	stmdbcc	fp, {r0, r1, r3, r8, r9, fp, ip, sp}
 290:	0013010b 	andseq	r0, r3, fp, lsl #2
 294:	000f0f00 	andeq	r0, pc, r0, lsl #30
 298:	13490b0b 	movtne	r0, #39691	; 0x9b0b
 29c:	34100000 	ldrcc	r0, [r0], #-0
 2a0:	3a0e0300 	bcc	380ea8 <_tarea_1_stack_phy_size_+0x380128>
 2a4:	390b3b0b 	stmdbcc	fp, {r0, r1, r3, r8, r9, fp, ip, sp}
 2a8:	3f13490b 	svccc	0x0013490b
 2ac:	00180219 	andseq	r0, r8, r9, lsl r2
 2b0:	012e1100 			; <UNDEFINED> instruction: 0x012e1100
 2b4:	0e03193f 			; <UNDEFINED> instruction: 0x0e03193f
 2b8:	0b3b0b3a 	bleq	ec2fa8 <_tarea_1_stack_phy_size_+0xec2228>
 2bc:	19270b39 	stmdbne	r7!, {r0, r3, r4, r5, r8, r9, fp}
 2c0:	01111349 	tsteq	r1, r9, asr #6
 2c4:	18400612 	stmdane	r0, {r1, r4, r9, sl}^
 2c8:	01194296 			; <UNDEFINED> instruction: 0x01194296
 2cc:	12000013 	andne	r0, r0, #19
 2d0:	08030005 	stmdaeq	r3, {r0, r2}
 2d4:	0b3b0b3a 	bleq	ec2fc4 <_tarea_1_stack_phy_size_+0xec2244>
 2d8:	13490b39 	movtne	r0, #39737	; 0x9b39
 2dc:	00001802 	andeq	r1, r0, r2, lsl #16
 2e0:	03003413 	movweq	r3, #1043	; 0x413
 2e4:	3b0b3a08 	blcc	2ceb0c <_tarea_1_stack_phy_size_+0x2cdd8c>
 2e8:	490b390b 	stmdbmi	fp, {r0, r1, r3, r8, fp, ip, sp}
 2ec:	00180213 	andseq	r0, r8, r3, lsl r2
 2f0:	00341400 	eorseq	r1, r4, r0, lsl #8
 2f4:	0b3a0e03 	bleq	e83b08 <_tarea_1_stack_phy_size_+0xe82d88>
 2f8:	0b390b3b 	bleq	e42fec <_tarea_1_stack_phy_size_+0xe4226c>
 2fc:	18021349 	stmdane	r2, {r0, r3, r6, r8, r9, ip}
 300:	26150000 	ldrcs	r0, [r5], -r0
 304:	00134900 	andseq	r4, r3, r0, lsl #18
 308:	11010000 	mrsne	r0, (UNDEF: 1)
 30c:	130e2501 	movwne	r2, #58625	; 0xe501
 310:	1b0e030b 	blne	380f44 <_tarea_1_stack_phy_size_+0x3801c4>
 314:	1117550e 	tstne	r7, lr, lsl #10
 318:	00171001 	andseq	r1, r7, r1
 31c:	00240200 	eoreq	r0, r4, r0, lsl #4
 320:	0b3e0b0b 	bleq	f82f54 <_tarea_1_stack_phy_size_+0xf821d4>
 324:	00000803 	andeq	r0, r0, r3, lsl #16
 328:	0b002403 	bleq	933c <_tarea_1_stack_phy_size_+0x85bc>
 32c:	030b3e0b 	movweq	r3, #48651	; 0xbe0b
 330:	0400000e 	streq	r0, [r0], #-14
 334:	0e030016 	mcreq	0, 0, r0, cr3, cr6, {0}
 338:	0b3b0b3a 	bleq	ec3028 <_tarea_1_stack_phy_size_+0xec22a8>
 33c:	13490b39 	movtne	r0, #39737	; 0x9b39
 340:	13050000 	movwne	r0, #20480	; 0x5000
 344:	0b0e0301 	bleq	380f50 <_tarea_1_stack_phy_size_+0x3801d0>
 348:	3b0b3a0b 	blcc	2ceb7c <_tarea_1_stack_phy_size_+0x2cddfc>
 34c:	010b390b 	tsteq	fp, fp, lsl #18
 350:	06000013 			; <UNDEFINED> instruction: 0x06000013
 354:	0803000d 	stmdaeq	r3, {r0, r2, r3}
 358:	0b3b0b3a 	bleq	ec3048 <_tarea_1_stack_phy_size_+0xec22c8>
 35c:	13490b39 	movtne	r0, #39737	; 0x9b39
 360:	00000b38 	andeq	r0, r0, r8, lsr fp
 364:	03000d07 	movweq	r0, #3335	; 0xd07
 368:	3b0b3a0e 	blcc	2ceba8 <_tarea_1_stack_phy_size_+0x2cde28>
 36c:	490b390b 	stmdbmi	fp, {r0, r1, r3, r8, fp, ip, sp}
 370:	000b3813 	andeq	r3, fp, r3, lsl r8
 374:	000f0800 	andeq	r0, pc, r0, lsl #16
 378:	13490b0b 	movtne	r0, #39691	; 0x9b0b
 37c:	01090000 	mrseq	r0, (UNDEF: 9)
 380:	01134901 	tsteq	r3, r1, lsl #18
 384:	0a000013 	beq	3d8 <TAREA_IDLE_IRQ_STACK_SIZE+0x2d8>
 388:	13490021 	movtne	r0, #36897	; 0x9021
 38c:	00000b2f 	andeq	r0, r0, pc, lsr #22
 390:	0300340b 	movweq	r3, #1035	; 0x40b
 394:	3b0b3a0e 	blcc	2cebd4 <_tarea_1_stack_phy_size_+0x2cde54>
 398:	490b390b 	stmdbmi	fp, {r0, r1, r3, r8, fp, ip, sp}
 39c:	3c193f13 	ldccc	15, cr3, [r9], {19}
 3a0:	0c000019 	stceq	0, cr0, [r0], {25}
 3a4:	08030034 	stmdaeq	r3, {r2, r4, r5}
 3a8:	0b3b0b3a 	bleq	ec3098 <_tarea_1_stack_phy_size_+0xec2318>
 3ac:	13490b39 	movtne	r0, #39737	; 0x9b39
 3b0:	193c193f 	ldmdbne	ip!, {r0, r1, r2, r3, r4, r5, r8, fp, ip}
 3b4:	340d0000 	strcc	r0, [sp], #-0
 3b8:	3a0e0300 	bcc	380fc0 <_tarea_1_stack_phy_size_+0x380240>
 3bc:	390b3b0b 	stmdbcc	fp, {r0, r1, r3, r8, r9, fp, ip, sp}
 3c0:	3f13490b 	svccc	0x0013490b
 3c4:	00180219 	andseq	r0, r8, r9, lsl r2
 3c8:	012e0e00 			; <UNDEFINED> instruction: 0x012e0e00
 3cc:	0e03193f 			; <UNDEFINED> instruction: 0x0e03193f
 3d0:	0b3b0b3a 	bleq	ec30c0 <_tarea_1_stack_phy_size_+0xec2340>
 3d4:	19270b39 	stmdbne	r7!, {r0, r3, r4, r5, r8, r9, fp}
 3d8:	01111349 	tsteq	r1, r9, asr #6
 3dc:	18400612 	stmdane	r0, {r1, r4, r9, sl}^
 3e0:	01194297 			; <UNDEFINED> instruction: 0x01194297
 3e4:	0f000013 	svceq	0x00000013
 3e8:	08030005 	stmdaeq	r3, {r0, r2}
 3ec:	0b3b0b3a 	bleq	ec30dc <_tarea_1_stack_phy_size_+0xec235c>
 3f0:	13490b39 	movtne	r0, #39737	; 0x9b39
 3f4:	00001802 	andeq	r1, r0, r2, lsl #16
 3f8:	03003410 	movweq	r3, #1040	; 0x410
 3fc:	3b0b3a0e 	blcc	2cec3c <_tarea_1_stack_phy_size_+0x2cdebc>
 400:	490b390b 	stmdbmi	fp, {r0, r1, r3, r8, fp, ip, sp}
 404:	00180213 	andseq	r0, r8, r3, lsl r2
 408:	11010000 	mrsne	r0, (UNDEF: 1)
 40c:	130e2501 	movwne	r2, #58625	; 0xe501
 410:	1b0e030b 	blne	381044 <_tarea_1_stack_phy_size_+0x3802c4>
 414:	1117550e 	tstne	r7, lr, lsl #10
 418:	00171001 	andseq	r1, r7, r1
 41c:	00240200 	eoreq	r0, r4, r0, lsl #4
 420:	0b3e0b0b 	bleq	f83054 <_tarea_1_stack_phy_size_+0xf822d4>
 424:	00000803 	andeq	r0, r0, r3, lsl #16
 428:	0b002403 	bleq	943c <_tarea_1_stack_phy_size_+0x86bc>
 42c:	030b3e0b 	movweq	r3, #48651	; 0xbe0b
 430:	0400000e 	streq	r0, [r0], #-14
 434:	0e030016 	mcreq	0, 0, r0, cr3, cr6, {0}
 438:	0b3b0b3a 	bleq	ec3128 <_tarea_1_stack_phy_size_+0xec23a8>
 43c:	13490b39 	movtne	r0, #39737	; 0x9b39
 440:	34050000 	strcc	r0, [r5], #-0
 444:	3a0e0300 	bcc	38104c <_tarea_1_stack_phy_size_+0x3802cc>
 448:	390b3b0b 	stmdbcc	fp, {r0, r1, r3, r8, r9, fp, ip, sp}
 44c:	3f13490b 	svccc	0x0013490b
 450:	00193c19 	andseq	r3, r9, r9, lsl ip
 454:	002e0600 	eoreq	r0, lr, r0, lsl #12
 458:	0e03193f 			; <UNDEFINED> instruction: 0x0e03193f
 45c:	0b3b0b3a 	bleq	ec314c <_tarea_1_stack_phy_size_+0xec23cc>
 460:	01110b39 	tsteq	r1, r9, lsr fp
 464:	18400612 	stmdane	r0, {r1, r4, r9, sl}^
 468:	00194296 	mulseq	r9, r6, r2
 46c:	11010000 	mrsne	r0, (UNDEF: 1)
 470:	130e2501 	movwne	r2, #58625	; 0xe501
 474:	1b0e030b 	blne	3810a8 <_tarea_1_stack_phy_size_+0x380328>
 478:	1117550e 	tstne	r7, lr, lsl #10
 47c:	00171001 	andseq	r1, r7, r1
 480:	00240200 	eoreq	r0, r4, r0, lsl #4
 484:	0b3e0b0b 	bleq	f830b8 <_tarea_1_stack_phy_size_+0xf82338>
 488:	00000e03 	andeq	r0, r0, r3, lsl #28
 48c:	03001603 	movweq	r1, #1539	; 0x603
 490:	3b0b3a0e 	blcc	2cecd0 <_tarea_1_stack_phy_size_+0x2cdf50>
 494:	490b390b 	stmdbmi	fp, {r0, r1, r3, r8, fp, ip, sp}
 498:	04000013 	streq	r0, [r0], #-19	; 0xffffffed
 49c:	0b0b0024 	bleq	2c0534 <_tarea_1_stack_phy_size_+0x2bf7b4>
 4a0:	08030b3e 	stmdaeq	r3, {r1, r2, r3, r4, r5, r8, r9, fp}
 4a4:	01050000 	mrseq	r0, (UNDEF: 5)
 4a8:	01134901 	tsteq	r3, r1, lsl #18
 4ac:	06000013 			; <UNDEFINED> instruction: 0x06000013
 4b0:	13490021 	movtne	r0, #36897	; 0x9021
 4b4:	0000052f 	andeq	r0, r0, pc, lsr #10
 4b8:	03003407 	movweq	r3, #1031	; 0x407
 4bc:	3b0b3a0e 	blcc	2cecfc <_tarea_1_stack_phy_size_+0x2cdf7c>
 4c0:	490b390b 	stmdbmi	fp, {r0, r1, r3, r8, fp, ip, sp}
 4c4:	88193f13 	ldmdahi	r9, {r0, r1, r4, r8, r9, sl, fp, ip, sp}
 4c8:	18020501 	stmdane	r2, {r0, r8, sl}
 4cc:	21080000 	mrscs	r0, (UNDEF: 8)
 4d0:	2f134900 	svccs	0x00134900
 4d4:	0900000b 	stmdbeq	r0, {r0, r1, r3}
 4d8:	0e030034 	mcreq	0, 0, r0, cr3, cr4, {1}
 4dc:	0b3b0b3a 	bleq	ec31cc <_tarea_1_stack_phy_size_+0xec244c>
 4e0:	13490b39 	movtne	r0, #39737	; 0x9b39
 4e4:	1802193f 	stmdane	r2, {r0, r1, r2, r3, r4, r5, r8, fp, ip}
 4e8:	2e0a0000 	cdpcs	0, 0, cr0, cr10, cr0, {0}
 4ec:	03193f01 	tsteq	r9, #1, 30
 4f0:	3b0b3a0e 	blcc	2ced30 <_tarea_1_stack_phy_size_+0x2cdfb0>
 4f4:	270b390b 	strcs	r3, [fp, -fp, lsl #18]
 4f8:	12011119 	andne	r1, r1, #1073741830	; 0x40000006
 4fc:	97184006 	ldrls	r4, [r8, -r6]
 500:	13011942 	movwne	r1, #6466	; 0x1942
 504:	050b0000 	streq	r0, [fp, #-0]
 508:	3a0e0300 	bcc	381110 <_tarea_1_stack_phy_size_+0x380390>
 50c:	390b3b0b 	stmdbcc	fp, {r0, r1, r3, r8, r9, fp, ip, sp}
 510:	0213490b 	andseq	r4, r3, #180224	; 0x2c000
 514:	0c000018 	stceq	0, cr0, [r0], {24}
 518:	0e030034 	mcreq	0, 0, r0, cr3, cr4, {1}
 51c:	0b3b0b3a 	bleq	ec320c <_tarea_1_stack_phy_size_+0xec248c>
 520:	13490b39 	movtne	r0, #39737	; 0x9b39
 524:	00001802 	andeq	r1, r0, r2, lsl #16
 528:	55010b0d 	strpl	r0, [r1, #-2829]	; 0xfffff4f3
 52c:	00130117 	andseq	r0, r3, r7, lsl r1
 530:	010b0e00 	tsteq	fp, r0, lsl #28
 534:	06120111 			; <UNDEFINED> instruction: 0x06120111
 538:	340f0000 	strcc	r0, [pc], #-0	; 540 <IRQ_STACK_SIZE+0x140>
 53c:	3a080300 	bcc	201144 <_tarea_1_stack_phy_size_+0x2003c4>
 540:	390b3b0b 	stmdbcc	fp, {r0, r1, r3, r8, r9, fp, ip, sp}
 544:	0213490b 	andseq	r4, r3, #180224	; 0x2c000
 548:	10000018 	andne	r0, r0, r8, lsl r0
 54c:	0b0b000f 	bleq	2c0590 <_tarea_1_stack_phy_size_+0x2bf810>
 550:	00001349 	andeq	r1, r0, r9, asr #6
 554:	01110100 	tsteq	r1, r0, lsl #2
 558:	0b130e25 	bleq	4c3df4 <_tarea_1_stack_phy_size_+0x4c3074>
 55c:	0e1b0e03 	cdpeq	14, 1, cr0, cr11, cr3, {0}
 560:	01111755 	tsteq	r1, r5, asr r7
 564:	00001710 	andeq	r1, r0, r0, lsl r7
 568:	0b002402 	bleq	9578 <_tarea_1_stack_phy_size_+0x87f8>
 56c:	030b3e0b 	movweq	r3, #48651	; 0xbe0b
 570:	03000008 	movweq	r0, #8
 574:	0b0b0024 	bleq	2c060c <_tarea_1_stack_phy_size_+0x2bf88c>
 578:	0e030b3e 	vmoveq.16	d3[0], r0
 57c:	16040000 	strne	r0, [r4], -r0
 580:	3a0e0300 	bcc	381188 <_tarea_1_stack_phy_size_+0x380408>
 584:	390b3b0b 	stmdbcc	fp, {r0, r1, r3, r8, r9, fp, ip, sp}
 588:	0013490b 	andseq	r4, r3, fp, lsl #18
 58c:	01130500 	tsteq	r3, r0, lsl #10
 590:	0b3a050b 	bleq	e819c4 <_tarea_1_stack_phy_size_+0xe80c44>
 594:	0b390b3b 	bleq	e43288 <_tarea_1_stack_phy_size_+0xe42508>
 598:	00001301 	andeq	r1, r0, r1, lsl #6
 59c:	03000d06 	movweq	r0, #3334	; 0xd06
 5a0:	3b0b3a0e 	blcc	2cede0 <_tarea_1_stack_phy_size_+0x2ce060>
 5a4:	490b390b 	stmdbmi	fp, {r0, r1, r3, r8, fp, ip, sp}
 5a8:	000b3813 	andeq	r3, fp, r3, lsl r8
 5ac:	000d0700 	andeq	r0, sp, r0, lsl #14
 5b0:	0b3a0e03 	bleq	e83dc4 <_tarea_1_stack_phy_size_+0xe83044>
 5b4:	0b390b3b 	bleq	e432a8 <_tarea_1_stack_phy_size_+0xe42528>
 5b8:	05381349 	ldreq	r1, [r8, #-841]!	; 0xfffffcb7
 5bc:	35080000 	strcc	r0, [r8, #-0]
 5c0:	00134900 	andseq	r4, r3, r0, lsl #18
 5c4:	01010900 	tsteq	r1, r0, lsl #18
 5c8:	13011349 	movwne	r1, #4937	; 0x1349
 5cc:	210a0000 	mrscs	r0, (UNDEF: 10)
 5d0:	2f134900 	svccs	0x00134900
 5d4:	0b00000b 	bleq	608 <IRQ_STACK_SIZE+0x208>
 5d8:	13490021 	movtne	r0, #36897	; 0x9021
 5dc:	0000052f 	andeq	r0, r0, pc, lsr #10
 5e0:	3f012e0c 	svccc	0x00012e0c
 5e4:	3a0e0319 	bcc	381250 <_tarea_1_stack_phy_size_+0x3804d0>
 5e8:	390b3b0b 	stmdbcc	fp, {r0, r1, r3, r8, r9, fp, ip, sp}
 5ec:	1201110b 	andne	r1, r1, #-1073741822	; 0xc0000002
 5f0:	97184006 	ldrls	r4, [r8, -r6]
 5f4:	13011942 	movwne	r1, #6466	; 0x1942
 5f8:	340d0000 	strcc	r0, [sp], #-0
 5fc:	3a0e0300 	bcc	381204 <_tarea_1_stack_phy_size_+0x380484>
 600:	390b3b0b 	stmdbcc	fp, {r0, r1, r3, r8, r9, fp, ip, sp}
 604:	0213490b 	andseq	r4, r3, #180224	; 0x2c000
 608:	0e000018 	mcreq	0, 0, r0, cr0, cr8, {0}
 60c:	0b0b000f 	bleq	2c0650 <_tarea_1_stack_phy_size_+0x2bf8d0>
 610:	00001349 	andeq	r1, r0, r9, asr #6
 614:	4900260f 	stmdbmi	r0, {r0, r1, r2, r3, r9, sl, sp}
 618:	00000013 	andeq	r0, r0, r3, lsl r0
 61c:	25011101 	strcs	r1, [r1, #-257]	; 0xfffffeff
 620:	030b130e 	movweq	r1, #45838	; 0xb30e
 624:	550e1b0e 	strpl	r1, [lr, #-2830]	; 0xfffff4f2
 628:	10011117 	andne	r1, r1, r7, lsl r1
 62c:	02000017 	andeq	r0, r0, #23
 630:	0b0b0024 	bleq	2c06c8 <_tarea_1_stack_phy_size_+0x2bf948>
 634:	08030b3e 	stmdaeq	r3, {r1, r2, r3, r4, r5, r8, r9, fp}
 638:	24030000 	strcs	r0, [r3], #-0
 63c:	3e0b0b00 	vmlacc.f64	d0, d11, d0
 640:	000e030b 	andeq	r0, lr, fp, lsl #6
 644:	00160400 	andseq	r0, r6, r0, lsl #8
 648:	0b3a0e03 	bleq	e83e5c <_tarea_1_stack_phy_size_+0xe830dc>
 64c:	0b390b3b 	bleq	e43340 <_tarea_1_stack_phy_size_+0xe425c0>
 650:	00001349 	andeq	r1, r0, r9, asr #6
 654:	0b011305 	bleq	45270 <_tarea_1_stack_phy_size_+0x444f0>
 658:	3b0b3a0b 	blcc	2cee8c <_tarea_1_stack_phy_size_+0x2ce10c>
 65c:	010b390b 	tsteq	fp, fp, lsl #18
 660:	06000013 			; <UNDEFINED> instruction: 0x06000013
 664:	0e03000d 	cdpeq	0, 0, cr0, cr3, cr13, {0}
 668:	0b3b0b3a 	bleq	ec3358 <_tarea_1_stack_phy_size_+0xec25d8>
 66c:	13490b39 	movtne	r0, #39737	; 0x9b39
 670:	00000b38 	andeq	r0, r0, r8, lsr fp
 674:	03000d07 	movweq	r0, #3335	; 0xd07
 678:	3b0b3a08 	blcc	2ceea0 <_tarea_1_stack_phy_size_+0x2ce120>
 67c:	490b390b 	stmdbmi	fp, {r0, r1, r3, r8, fp, ip, sp}
 680:	000b3813 	andeq	r3, fp, r3, lsl r8
 684:	00350800 	eorseq	r0, r5, r0, lsl #16
 688:	00001349 	andeq	r1, r0, r9, asr #6
 68c:	0b011309 	bleq	452b8 <_tarea_1_stack_phy_size_+0x44538>
 690:	3b0b3a05 	blcc	2ceeac <_tarea_1_stack_phy_size_+0x2ce12c>
 694:	010b390b 	tsteq	fp, fp, lsl #18
 698:	0a000013 	beq	6ec <IRQ_STACK_SIZE+0x2ec>
 69c:	0e03000d 	cdpeq	0, 0, cr0, cr3, cr13, {0}
 6a0:	0b3b0b3a 	bleq	ec3390 <_tarea_1_stack_phy_size_+0xec2610>
 6a4:	13490b39 	movtne	r0, #39737	; 0x9b39
 6a8:	00000538 	andeq	r0, r0, r8, lsr r5
 6ac:	4901010b 	stmdbmi	r1, {r0, r1, r3, r8}
 6b0:	00130113 	andseq	r0, r3, r3, lsl r1
 6b4:	00210c00 	eoreq	r0, r1, r0, lsl #24
 6b8:	0b2f1349 	bleq	bc53e4 <_tarea_1_stack_phy_size_+0xbc4664>
 6bc:	210d0000 	mrscs	r0, (UNDEF: 13)
 6c0:	2f134900 	svccs	0x00134900
 6c4:	0e000005 	cdpeq	0, 0, cr0, cr0, cr5, {0}
 6c8:	193f012e 	ldmdbne	pc!, {r1, r2, r3, r5, r8}	; <UNPREDICTABLE>
 6cc:	0b3a0e03 	bleq	e83ee0 <_tarea_1_stack_phy_size_+0xe83160>
 6d0:	0b390b3b 	bleq	e433c4 <_tarea_1_stack_phy_size_+0xe42644>
 6d4:	06120111 			; <UNDEFINED> instruction: 0x06120111
 6d8:	42971840 	addsmi	r1, r7, #64, 16	; 0x400000
 6dc:	00130119 	andseq	r0, r3, r9, lsl r1
 6e0:	00340f00 	eorseq	r0, r4, r0, lsl #30
 6e4:	0b3a0e03 	bleq	e83ef8 <_tarea_1_stack_phy_size_+0xe83178>
 6e8:	0b390b3b 	bleq	e433dc <_tarea_1_stack_phy_size_+0xe4265c>
 6ec:	18021349 	stmdane	r2, {r0, r3, r6, r8, r9, ip}
 6f0:	0f100000 	svceq	0x00100000
 6f4:	490b0b00 	stmdbmi	fp, {r8, r9, fp}
 6f8:	11000013 	tstne	r0, r3, lsl r0
 6fc:	13490026 	movtne	r0, #36902	; 0x9026
 700:	01000000 	mrseq	r0, (UNDEF: 0)
 704:	0e250111 	mcreq	1, 1, r0, cr5, cr1, {0}
 708:	0e030b13 	vmoveq.32	d3[0], r0
 70c:	01110e1b 	tsteq	r1, fp, lsl lr
 710:	17100612 			; <UNDEFINED> instruction: 0x17100612
 714:	24020000 	strcs	r0, [r2], #-0
 718:	3e0b0b00 	vmlacc.f64	d0, d11, d0
 71c:	000e030b 	andeq	r0, lr, fp, lsl #6
 720:	00160300 	andseq	r0, r6, r0, lsl #6
 724:	0b3a0e03 	bleq	e83f38 <_tarea_1_stack_phy_size_+0xe831b8>
 728:	0b390b3b 	bleq	e4341c <_tarea_1_stack_phy_size_+0xe4269c>
 72c:	00001349 	andeq	r1, r0, r9, asr #6
 730:	49002604 	stmdbmi	r0, {r2, r9, sl, sp}
 734:	05000013 	streq	r0, [r0, #-19]	; 0xffffffed
 738:	0b0b0024 	bleq	2c07d0 <_tarea_1_stack_phy_size_+0x2bfa50>
 73c:	08030b3e 	stmdaeq	r3, {r1, r2, r3, r4, r5, r8, r9, fp}
 740:	2e060000 	cdpcs	0, 0, cr0, cr6, cr0, {0}
 744:	03193f01 	tsteq	r9, #1, 30
 748:	3b0b3a0e 	blcc	2cef88 <_tarea_1_stack_phy_size_+0x2ce208>
 74c:	270b390b 	strcs	r3, [fp, -fp, lsl #18]
 750:	12011119 	andne	r1, r1, #1073741830	; 0x40000006
 754:	97184006 	ldrls	r4, [r8, -r6]
 758:	13011942 	movwne	r1, #6466	; 0x1942
 75c:	05070000 	streq	r0, [r7, #-0]
 760:	3a080300 	bcc	201368 <_tarea_1_stack_phy_size_+0x2005e8>
 764:	390b3b0b 	stmdbcc	fp, {r0, r1, r3, r8, r9, fp, ip, sp}
 768:	0213490b 	andseq	r4, r3, #180224	; 0x2c000
 76c:	08000018 	stmdaeq	r0, {r3, r4}
 770:	0e030005 	cdpeq	0, 0, cr0, cr3, cr5, {0}
 774:	0b3b0b3a 	bleq	ec3464 <_tarea_1_stack_phy_size_+0xec26e4>
 778:	13490b39 	movtne	r0, #39737	; 0x9b39
 77c:	00001802 	andeq	r1, r0, r2, lsl #16
 780:	03003409 	movweq	r3, #1033	; 0x409
 784:	3b0b3a08 	blcc	2cefac <_tarea_1_stack_phy_size_+0x2ce22c>
 788:	490b390b 	stmdbmi	fp, {r0, r1, r3, r8, fp, ip, sp}
 78c:	00180213 	andseq	r0, r8, r3, lsl r2
 790:	010b0a00 	tsteq	fp, r0, lsl #20
 794:	06120111 			; <UNDEFINED> instruction: 0x06120111
 798:	0f0b0000 	svceq	0x000b0000
 79c:	490b0b00 	stmdbmi	fp, {r8, r9, fp}
 7a0:	00000013 	andeq	r0, r0, r3, lsl r0
 7a4:	25011101 	strcs	r1, [r1, #-257]	; 0xfffffeff
 7a8:	030b130e 	movweq	r1, #45838	; 0xb30e
 7ac:	550e1b0e 	strpl	r1, [lr, #-2830]	; 0xfffff4f2
 7b0:	10011117 	andne	r1, r1, r7, lsl r1
 7b4:	02000017 	andeq	r0, r0, #23
 7b8:	0b0b0024 	bleq	2c0850 <_tarea_1_stack_phy_size_+0x2bfad0>
 7bc:	08030b3e 	stmdaeq	r3, {r1, r2, r3, r4, r5, r8, r9, fp}
 7c0:	24030000 	strcs	r0, [r3], #-0
 7c4:	3e0b0b00 	vmlacc.f64	d0, d11, d0
 7c8:	000e030b 	andeq	r0, lr, fp, lsl #6
 7cc:	00160400 	andseq	r0, r6, r0, lsl #8
 7d0:	0b3a0e03 	bleq	e83fe4 <_tarea_1_stack_phy_size_+0xe83264>
 7d4:	0b390b3b 	bleq	e434c8 <_tarea_1_stack_phy_size_+0xe42748>
 7d8:	00001349 	andeq	r1, r0, r9, asr #6
 7dc:	0b000f05 	bleq	43f8 <_tarea_1_stack_phy_size_+0x3678>
 7e0:	0013490b 	andseq	r4, r3, fp, lsl #18
 7e4:	01130600 	tsteq	r3, r0, lsl #12
 7e8:	0b0b0e03 	bleq	2c3ffc <_tarea_1_stack_phy_size_+0x2c327c>
 7ec:	0b3b0b3a 	bleq	ec34dc <_tarea_1_stack_phy_size_+0xec275c>
 7f0:	13010b39 	movwne	r0, #6969	; 0x1b39
 7f4:	0d070000 	stceq	0, cr0, [r7, #-0]
 7f8:	3a0e0300 	bcc	381400 <_tarea_1_stack_phy_size_+0x380680>
 7fc:	390b3b0b 	stmdbcc	fp, {r0, r1, r3, r8, r9, fp, ip, sp}
 800:	3813490b 	ldmdacc	r3, {r0, r1, r3, r8, fp, lr}
 804:	0800000b 	stmdaeq	r0, {r0, r1, r3}
 808:	0e030034 	mcreq	0, 0, r0, cr3, cr4, {1}
 80c:	0b3b0b3a 	bleq	ec34fc <_tarea_1_stack_phy_size_+0xec277c>
 810:	13490b39 	movtne	r0, #39737	; 0x9b39
 814:	193c193f 	ldmdbne	ip!, {r0, r1, r2, r3, r4, r5, r8, fp, ip}
 818:	01090000 	mrseq	r0, (UNDEF: 9)
 81c:	01134901 	tsteq	r3, r1, lsl #18
 820:	0a000013 	beq	874 <IRQ_STACK_SIZE+0x474>
 824:	13490021 	movtne	r0, #36897	; 0x9021
 828:	00000b2f 	andeq	r0, r0, pc, lsr #22
 82c:	0300340b 	movweq	r3, #1035	; 0x40b
 830:	3b0b3a0e 	blcc	2cf070 <_tarea_1_stack_phy_size_+0x2ce2f0>
 834:	490b390b 	stmdbmi	fp, {r0, r1, r3, r8, fp, ip, sp}
 838:	02193f13 	andseq	r3, r9, #19, 30	; 0x4c
 83c:	0c000018 	stceq	0, cr0, [r0], {24}
 840:	08030034 	stmdaeq	r3, {r2, r4, r5}
 844:	0b3b0b3a 	bleq	ec3534 <_tarea_1_stack_phy_size_+0xec27b4>
 848:	13490b39 	movtne	r0, #39737	; 0x9b39
 84c:	1802193f 	stmdane	r2, {r0, r1, r2, r3, r4, r5, r8, fp, ip}
 850:	2e0d0000 	cdpcs	0, 0, cr0, cr13, cr0, {0}
 854:	03193f01 	tsteq	r9, #1, 30
 858:	3b0b3a0e 	blcc	2cf098 <_tarea_1_stack_phy_size_+0x2ce318>
 85c:	270b390b 	strcs	r3, [fp, -fp, lsl #18]
 860:	12011119 	andne	r1, r1, #1073741830	; 0x40000006
 864:	97184006 	ldrls	r4, [r8, -r6]
 868:	13011942 	movwne	r1, #6466	; 0x1942
 86c:	340e0000 	strcc	r0, [lr], #-0
 870:	3a080300 	bcc	201478 <_tarea_1_stack_phy_size_+0x2006f8>
 874:	390b3b0b 	stmdbcc	fp, {r0, r1, r3, r8, r9, fp, ip, sp}
 878:	0213490b 	andseq	r4, r3, #180224	; 0x2c000
 87c:	0f000018 	svceq	0x00000018
 880:	0e030034 	mcreq	0, 0, r0, cr3, cr4, {1}
 884:	0b3b0b3a 	bleq	ec3574 <_tarea_1_stack_phy_size_+0xec27f4>
 888:	13490b39 	movtne	r0, #39737	; 0x9b39
 88c:	00001802 	andeq	r1, r0, r2, lsl #16
 890:	27001510 	smladcs	r0, r0, r5, r1
 894:	00000019 	andeq	r0, r0, r9, lsl r0

Disassembly of section .debug_aranges:

00000000 <.debug_aranges>:
   0:	0000001c 	andeq	r0, r0, ip, lsl r0
   4:	00000002 	andeq	r0, r0, r2
   8:	00040000 	andeq	r0, r4, r0
   c:	00000000 	andeq	r0, r0, r0
  10:	70f50000 	rscsvc	r0, r5, r0
  14:	00000010 	andeq	r0, r0, r0, lsl r0
	...
  20:	0000001c 	andeq	r0, r0, ip, lsl r0
  24:	00970002 	addseq	r0, r7, r2
  28:	00040000 	andeq	r0, r4, r0
  2c:	00000000 	andeq	r0, r0, r0
  30:	70f40000 	rscsvc	r0, r4, r0
  34:	00000010 	andeq	r0, r0, r0, lsl r0
	...
  40:	0000001c 	andeq	r0, r0, ip, lsl r0
  44:	012e0002 			; <UNDEFINED> instruction: 0x012e0002
  48:	00040000 	andeq	r0, r4, r0
  4c:	00000000 	andeq	r0, r0, r0
  50:	70040000 	andvc	r0, r4, r0
  54:	00000010 	andeq	r0, r0, r0, lsl r0
	...
  60:	0000001c 	andeq	r0, r0, ip, lsl r0
  64:	01660002 	cmneq	r6, r2
  68:	00040000 	andeq	r0, r4, r0
  6c:	00000000 	andeq	r0, r0, r0
  70:	70010004 	andvc	r0, r1, r4
  74:	000000ec 	andeq	r0, r0, ip, ror #1
	...
  80:	0000001c 	andeq	r0, r0, ip, lsl r0
  84:	02780002 	rsbseq	r0, r8, #2
  88:	00040000 	andeq	r0, r4, r0
  8c:	00000000 	andeq	r0, r0, r0
  90:	70011428 	andvc	r1, r1, r8, lsr #8
  94:	00000044 	andeq	r0, r0, r4, asr #32
	...
  a0:	0000001c 	andeq	r0, r0, ip, lsl r0
  a4:	02cf0002 	sbceq	r0, pc, #2
  a8:	00040000 	andeq	r0, r4, r0
  ac:	00000000 	andeq	r0, r0, r0
  b0:	700100f0 	strdvc	r0, [r1], -r0	; <UNPREDICTABLE>
  b4:	00000078 	andeq	r0, r0, r8, ror r0
	...
  c0:	0000001c 	andeq	r0, r0, ip, lsl r0
  c4:	06300002 	ldrteq	r0, [r0], -r2
  c8:	00040000 	andeq	r0, r4, r0
  cc:	00000000 	andeq	r0, r0, r0
  d0:	70010168 	andvc	r0, r1, r8, ror #2
  d4:	000002bc 			; <UNDEFINED> instruction: 0x000002bc
	...
  e0:	0000001c 	andeq	r0, r0, ip, lsl r0
  e4:	08530002 	ldmdaeq	r3, {r1}^
  e8:	00040000 	andeq	r0, r4, r0
  ec:	00000000 	andeq	r0, r0, r0
  f0:	70010504 	andvc	r0, r1, r4, lsl #10
  f4:	000006f4 	strdeq	r0, [r0], -r4
	...
 100:	0000001c 	andeq	r0, r0, ip, lsl r0
 104:	0af90002 	beq	ffe40114 <_TASK_1_RODATA_PHY+0x7f6ec114>
 108:	00040000 	andeq	r0, r4, r0
 10c:	00000000 	andeq	r0, r0, r0
 110:	70010c00 	andvc	r0, r1, r0, lsl #24
 114:	000001a8 	andeq	r0, r0, r8, lsr #3
	...
 120:	0000001c 	andeq	r0, r0, ip, lsl r0
 124:	0cc60002 	stcleq	0, cr0, [r6], {2}
 128:	00040000 	andeq	r0, r4, r0
 12c:	00000000 	andeq	r0, r0, r0
 130:	70010da8 	andvc	r0, r1, r8, lsr #27
 134:	0000007c 	andeq	r0, r0, ip, ror r0
	...
 140:	0000001c 	andeq	r0, r0, ip, lsl r0
 144:	0eee0002 	cdpeq	0, 14, cr0, cr14, cr2, {0}
 148:	00040000 	andeq	r0, r4, r0
 14c:	00000000 	andeq	r0, r0, r0
 150:	70010e24 	andvc	r0, r1, r4, lsr #28
 154:	0000007c 	andeq	r0, r0, ip, ror r0
	...
 160:	0000001c 	andeq	r0, r0, ip, lsl r0
 164:	12040002 	andne	r0, r4, #2
 168:	00040000 	andeq	r0, r4, r0
 16c:	00000000 	andeq	r0, r0, r0
 170:	70010ea0 	andvc	r0, r1, r0, lsr #29
 174:	00000084 	andeq	r0, r0, r4, lsl #1
	...
 180:	0000001c 	andeq	r0, r0, ip, lsl r0
 184:	12fd0002 	rscsne	r0, sp, #2
 188:	00040000 	andeq	r0, r4, r0
 18c:	00000000 	andeq	r0, r0, r0
 190:	70010f24 	andvc	r0, r1, r4, lsr #30
 194:	000004a4 	andeq	r0, r0, r4, lsr #9
	...

Disassembly of section .debug_ranges:

00000000 <.debug_ranges>:
   0:	70f50000 	rscsvc	r0, r5, r0
   4:	70f50010 	rscsvc	r0, r5, r0, lsl r0
	...
  10:	70f40000 	rscsvc	r0, r4, r0
  14:	70f40010 	rscsvc	r0, r4, r0, lsl r0
	...
  20:	70040000 	andvc	r0, r4, r0
  24:	70040010 	andvc	r0, r4, r0, lsl r0
	...
  30:	70010004 	andvc	r0, r1, r4
  34:	700100f0 	strdvc	r0, [r1], -r0	; <UNPREDICTABLE>
	...
  40:	70011428 	andvc	r1, r1, r8, lsr #8
  44:	7001146c 	andvc	r1, r1, ip, ror #8
	...
  50:	700100f0 	strdvc	r0, [r1], -r0	; <UNPREDICTABLE>
  54:	70010168 	andvc	r0, r1, r8, ror #2
	...
  60:	70010168 	andvc	r0, r1, r8, ror #2
  64:	70010424 	andvc	r0, r1, r4, lsr #8
	...
  70:	70010504 	andvc	r0, r1, r4, lsl #10
  74:	70010bf8 	strdvc	r0, [r1], -r8
	...
  80:	70010c68 	andvc	r0, r1, r8, ror #24
  84:	70010ce0 	andvc	r0, r1, r0, ror #25
  88:	70010d98 	mulvc	r1, r8, sp
  8c:	70010d9c 	mulvc	r1, ip, sp
	...
  98:	70010c00 	andvc	r0, r1, r0, lsl #24
  9c:	70010da8 	andvc	r0, r1, r8, lsr #27
	...
  a8:	70010da8 	andvc	r0, r1, r8, lsr #27
  ac:	70010e24 	andvc	r0, r1, r4, lsr #28
	...
  b8:	70010e24 	andvc	r0, r1, r4, lsr #28
  bc:	70010ea0 	andvc	r0, r1, r0, lsr #29
	...
  c8:	70010f24 	andvc	r0, r1, r4, lsr #30
  cc:	700113c8 	andvc	r1, r1, r8, asr #7
	...

Disassembly of section .debug_line:

00000000 <.debug_line>:
   0:	00000045 	andeq	r0, r0, r5, asr #32
   4:	00290003 	eoreq	r0, r9, r3
   8:	01020000 	mrseq	r0, (UNDEF: 2)
   c:	000d0efb 	strdeq	r0, [sp], -fp
  10:	01010101 	tsteq	r1, r1, lsl #2
  14:	01000000 	mrseq	r0, (UNDEF: 0)
  18:	73010000 	movwvc	r0, #4096	; 0x1000
  1c:	742f6372 	strtvc	r6, [pc], #-882	; 24 <SYS_MODE+0x5>
  20:	736b7361 	cmnvc	fp, #-2080374783	; 0x84000001
  24:	61740000 	cmnvs	r4, r0
  28:	315f6b73 	cmpcc	pc, r3, ror fp	; <UNPREDICTABLE>
  2c:	0100632e 	tsteq	r0, lr, lsr #6
  30:	05000000 	streq	r0, [r0, #-0]
  34:	02050001 	andeq	r0, r5, #1
  38:	70f50000 	rscsvc	r0, r5, r0
  3c:	00090519 	andeq	r0, r9, r9, lsl r5
  40:	4e010402 	cdpmi	4, 0, cr0, cr1, cr2, {0}
  44:	01000402 	tsteq	r0, r2, lsl #8
  48:	00004701 	andeq	r4, r0, r1, lsl #14
  4c:	29000300 	stmdbcs	r0, {r8, r9}
  50:	02000000 	andeq	r0, r0, #0
  54:	0d0efb01 	vstreq	d15, [lr, #-4]
  58:	01010100 	mrseq	r0, (UNDEF: 17)
  5c:	00000001 	andeq	r0, r0, r1
  60:	01000001 	tsteq	r0, r1
  64:	2f637273 	svccs	0x00637273
  68:	6b736174 	blvs	1cd8640 <_tarea_1_stack_phy_size_+0x1cd78c0>
  6c:	74000073 	strvc	r0, [r0], #-115	; 0xffffff8d
  70:	5f6b7361 	svcpl	0x006b7361
  74:	00632e32 	rsbeq	r2, r3, r2, lsr lr
  78:	00000001 	andeq	r0, r0, r1
  7c:	05000105 	streq	r0, [r0, #-261]	; 0xfffffefb
  80:	f4000002 	vst4.8	{d0-d3}, [r0], r2
  84:	010c0370 	tsteq	ip, r0, ror r3
  88:	02000905 	andeq	r0, r0, #81920	; 0x14000
  8c:	024f0104 	subeq	r0, pc, #4, 2
  90:	01010004 	tsteq	r1, r4
  94:	00000043 	andeq	r0, r0, r3, asr #32
  98:	00270003 	eoreq	r0, r7, r3
  9c:	01020000 	mrseq	r0, (UNDEF: 2)
  a0:	000d0efb 	strdeq	r0, [sp], -fp
  a4:	01010101 	tsteq	r1, r1, lsl #2
  a8:	01000000 	mrseq	r0, (UNDEF: 0)
  ac:	73010000 	movwvc	r0, #4096	; 0x1000
  b0:	742f6372 	strtvc	r6, [pc], #-882	; b8 <ABT_STACK_SIZE+0x38>
  b4:	736b7361 	cmnvc	fp, #-2080374783	; 0x84000001
  b8:	64690000 	strbtvs	r0, [r9], #-0
  bc:	632e656c 			; <UNDEFINED> instruction: 0x632e656c
  c0:	00000100 	andeq	r0, r0, r0, lsl #2
  c4:	00010500 	andeq	r0, r1, r0, lsl #10
  c8:	00000205 	andeq	r0, r0, r5, lsl #4
  cc:	05167004 	ldreq	r7, [r6, #-4]
  d0:	04020009 	streq	r0, [r2], #-9
  d4:	04024d01 	streq	r4, [r2], #-3329	; 0xfffff2ff
  d8:	df010100 	svcle	0x00010100
  dc:	03000000 	movweq	r0, #0
  e0:	00008f00 	andeq	r8, r0, r0, lsl #30
  e4:	fb010200 	blx	408ee <_tarea_1_stack_phy_size_+0x3fb6e>
  e8:	01000d0e 	tsteq	r0, lr, lsl #26
  ec:	00010101 	andeq	r0, r1, r1, lsl #2
  f0:	00010000 	andeq	r0, r1, r0
  f4:	72730100 	rsbsvc	r0, r3, #0, 2
  f8:	61742f63 	cmnvs	r4, r3, ror #30
  fc:	00736b73 	rsbseq	r6, r3, r3, ror fp
 100:	2f637273 	svccs	0x00637273
 104:	6b736174 	blvs	1cd86dc <_tarea_1_stack_phy_size_+0x1cd795c>
 108:	2e2e2f73 	mcrcs	15, 1, r2, cr14, cr3, {3}
 10c:	2f2e2e2f 	svccs	0x002e2e2f
 110:	00636e69 	rsbeq	r6, r3, r9, ror #28
 114:	7273752f 	rsbsvc	r7, r3, #197132288	; 0xbc00000
 118:	62696c2f 	rsbvs	r6, r9, #12032	; 0x2f00
 11c:	6363672f 	cmnvs	r3, #12320768	; 0xbc0000
 120:	6d72612f 	ldfvse	f6, [r2, #-188]!	; 0xffffff44
 124:	6e6f6e2d 	cdpvs	14, 6, cr6, cr15, cr13, {1}
 128:	61652d65 	cmnvs	r5, r5, ror #26
 12c:	312f6962 			; <UNDEFINED> instruction: 0x312f6962
 130:	2e332e30 	mrccs	14, 1, r2, cr3, cr0, {1}
 134:	6e692f31 	mcrvs	15, 3, r2, cr9, cr1, {1}
 138:	64756c63 	ldrbtvs	r6, [r5], #-3171	; 0xfffff39d
 13c:	5f000065 	svcpl	0x00000065
 140:	5f636572 	svcpl	0x00636572
 144:	6e72656b 	cdpvs	5, 7, cr6, cr2, cr11, {3}
 148:	632e6c65 			; <UNDEFINED> instruction: 0x632e6c65
 14c:	00000100 	andeq	r0, r0, r0, lsl #2
 150:	65686373 	strbvs	r6, [r8, #-883]!	; 0xfffffc8d
 154:	656c7564 	strbvs	r7, [ip, #-1380]!	; 0xfffffa9c
 158:	616d5f72 	smcvs	54770	; 0xd5f2
 15c:	6567616e 	strbvs	r6, [r7, #-366]!	; 0xfffffe92
 160:	00682e72 	rsbeq	r2, r8, r2, ror lr
 164:	73000002 	movwvc	r0, #2
 168:	6e696474 	mcrvs	4, 3, r6, cr9, cr4, {3}
 16c:	00682e74 	rsbeq	r2, r8, r4, ror lr
 170:	00000003 	andeq	r0, r0, r3
 174:	05000105 	streq	r0, [r0, #-261]	; 0xfffffefb
 178:	01000402 	tsteq	r0, r2, lsl #8
 17c:	010b0370 	tsteq	fp, r0, ror r3
 180:	05670e05 	strbeq	r0, [r7, #-3589]!	; 0xfffff1fb
 184:	05674b10 	strbeq	r4, [r7, #-2832]!	; 0xfffff4f0
 188:	0505671d 	streq	r6, [r5, #-1821]	; 0xfffff8e3
 18c:	821a0366 	andshi	r0, sl, #-1744830463	; 0x98000001
 190:	6d031005 	stcvs	0, cr1, [r3, #-20]	; 0xffffffec
 194:	6718052e 	ldrvs	r0, [r8, -lr, lsr #10]
 198:	05831705 	streq	r1, [r3, #1797]	; 0x705
 19c:	1305620e 	movwne	r6, #21006	; 0x520e
 1a0:	670905a4 	strvs	r0, [r9, -r4, lsr #11]
 1a4:	05341b05 	ldreq	r1, [r4, #-2821]!	; 0xfffff4fb
 1a8:	0e059f18 	mcreq	15, 0, r9, cr5, cr8, {0}
 1ac:	a3140563 	tstge	r4, #415236096	; 0x18c00000
 1b0:	05680905 	strbeq	r0, [r8, #-2309]!	; 0xfffff6fb
 1b4:	01053105 	tsteq	r5, r5, lsl #2
 1b8:	0006022f 	andeq	r0, r6, pc, lsr #4
 1bc:	00510101 	subseq	r0, r1, r1, lsl #2
 1c0:	00030000 	andeq	r0, r3, r0
 1c4:	00000029 	andeq	r0, r0, r9, lsr #32
 1c8:	0efb0102 	cdpeq	1, 15, cr0, cr11, cr2, {0}
 1cc:	0101000d 	tsteq	r1, sp
 1d0:	00000101 	andeq	r0, r0, r1, lsl #2
 1d4:	00000100 	andeq	r0, r0, r0, lsl #2
 1d8:	63727301 	cmnvs	r2, #67108864	; 0x4000000
 1dc:	7361742f 	cmnvc	r1, #788529152	; 0x2f000000
 1e0:	0000736b 	andeq	r7, r0, fp, ror #6
 1e4:	6b736174 	blvs	1cd87bc <_tarea_1_stack_phy_size_+0x1cd7a3c>
 1e8:	632e335f 			; <UNDEFINED> instruction: 0x632e335f
 1ec:	00000100 	andeq	r0, r0, r0, lsl #2
 1f0:	00010500 	andeq	r0, r1, r0, lsl #10
 1f4:	14280205 	strtne	r0, [r8], #-517	; 0xfffffdfb
 1f8:	0d037001 	stceq	0, cr7, [r3, #-4]
 1fc:	00110501 	andseq	r0, r1, r1, lsl #10
 200:	4d010402 	cfstrsmi	mvf0, [r1, #-8]
 204:	01040200 	mrseq	r0, R12_usr
 208:	040200d7 	streq	r0, [r2], #-215	; 0xffffff29
 20c:	0202d501 	andeq	sp, r2, #4194304	; 0x400000
 210:	db010100 	blle	40618 <_tarea_1_stack_phy_size_+0x3f898>
 214:	03000000 	movweq	r0, #0
 218:	0000a500 	andeq	sl, r0, r0, lsl #10
 21c:	fb010200 	blx	40a26 <_tarea_1_stack_phy_size_+0x3fca6>
 220:	01000d0e 	tsteq	r0, lr, lsl #26
 224:	00010101 	andeq	r0, r1, r1, lsl #2
 228:	00010000 	andeq	r0, r1, r0
 22c:	72730100 	rsbsvc	r0, r3, #0, 2
 230:	72692f63 	rsbvc	r2, r9, #396	; 0x18c
 234:	752f0071 	strvc	r0, [pc, #-113]!	; 1cb <TAREA_IDLE_IRQ_STACK_SIZE+0xcb>
 238:	6c2f7273 	sfmvs	f7, 4, [pc], #-460	; 74 <F_BIT+0x34>
 23c:	672f6269 	strvs	r6, [pc, -r9, ror #4]!
 240:	612f6363 			; <UNDEFINED> instruction: 0x612f6363
 244:	6e2d6d72 	mcrvs	13, 1, r6, cr13, cr2, {3}
 248:	2d656e6f 	stclcs	14, cr6, [r5, #-444]!	; 0xfffffe44
 24c:	69626165 	stmdbvs	r2!, {r0, r2, r5, r6, r8, sp, lr}^
 250:	2e30312f 	rsfcssp	f3, f0, #10.0
 254:	2f312e33 	svccs	0x00312e33
 258:	6c636e69 	stclvs	14, cr6, [r3], #-420	; 0xfffffe5c
 25c:	00656475 	rsbeq	r6, r5, r5, ror r4
 260:	2f637273 	svccs	0x00637273
 264:	2f717269 	svccs	0x00717269
 268:	2e2f2e2e 	cdpcs	14, 2, cr2, cr15, cr14, {1}
 26c:	6e692f2e 	cdpvs	15, 6, cr2, cr9, cr14, {1}
 270:	65000063 	strvs	r0, [r0, #-99]	; 0xffffff9d
 274:	70656378 	rsbvc	r6, r5, r8, ror r3
 278:	6e6f6974 			; <UNDEFINED> instruction: 0x6e6f6974
 27c:	6e61685f 	mcrvs	8, 3, r6, cr1, cr15, {2}
 280:	72656c64 	rsbvc	r6, r5, #100, 24	; 0x6400
 284:	0100632e 	tsteq	r0, lr, lsr #6
 288:	74730000 	ldrbtvc	r0, [r3], #-0
 28c:	746e6964 	strbtvc	r6, [lr], #-2404	; 0xfffff69c
 290:	0200682e 	andeq	r6, r0, #3014656	; 0x2e0000
 294:	69670000 	stmdbvs	r7!, {}^	; <UNPREDICTABLE>
 298:	00682e63 	rsbeq	r2, r8, r3, ror #28
 29c:	74000003 	strvc	r0, [r0], #-3
 2a0:	72656d69 	rsbvc	r6, r5, #6720	; 0x1a40
 2a4:	0300682e 	movweq	r6, #2094	; 0x82e
 2a8:	63730000 	cmnvs	r3, #0
 2ac:	75646568 	strbvc	r6, [r4, #-1384]!	; 0xfffffa98
 2b0:	5f72656c 	svcpl	0x0072656c
 2b4:	616e616d 	cmnvs	lr, sp, ror #2
 2b8:	2e726567 	cdpcs	5, 7, cr6, cr2, cr7, {3}
 2bc:	00030068 	andeq	r0, r3, r8, rrx
 2c0:	01050000 	mrseq	r0, (UNDEF: 5)
 2c4:	f0020500 			; <UNDEFINED> instruction: 0xf0020500
 2c8:	03700100 	cmneq	r0, #0, 2
 2cc:	1405010c 	strne	r0, [r5], #-268	; 0xfffffef4
 2d0:	4b150585 	blmi	5418ec <_tarea_1_stack_phy_size_+0x540b6c>
 2d4:	056b0e05 	strbeq	r0, [fp, #-3589]!	; 0xfffff1fb
 2d8:	10056905 	andne	r6, r5, r5, lsl #18
 2dc:	6821056b 	stmdavs	r1!, {r0, r1, r3, r5, r6, r8, sl}
 2e0:	31670d05 	cmncc	r7, r5, lsl #26
 2e4:	05321005 	ldreq	r1, [r2, #-5]!
 2e8:	0105670c 	tsteq	r5, ip, lsl #14
 2ec:	00060230 	andeq	r0, r6, r0, lsr r2
 2f0:	013d0101 	teqeq	sp, r1, lsl #2
 2f4:	00030000 	andeq	r0, r3, r0
 2f8:	0000009d 	muleq	r0, sp, r0
 2fc:	0efb0102 	cdpeq	1, 15, cr0, cr11, cr2, {0}
 300:	0101000d 	tsteq	r1, sp
 304:	00000101 	andeq	r0, r0, r1, lsl #2
 308:	00000100 	andeq	r0, r0, r0, lsl #2
 30c:	63727301 	cmnvs	r2, #67108864	; 0x4000000
 310:	6863732f 	stmdavs	r3!, {r0, r1, r2, r3, r5, r8, r9, ip, sp, lr}^
 314:	6c756465 	cfldrdvs	mvd6, [r5], #-404	; 0xfffffe6c
 318:	73007265 	movwvc	r7, #613	; 0x265
 31c:	732f6372 			; <UNDEFINED> instruction: 0x732f6372
 320:	64656863 	strbtvs	r6, [r5], #-2147	; 0xfffff79d
 324:	72656c75 	rsbvc	r6, r5, #29952	; 0x7500
 328:	2f2e2e2f 	svccs	0x002e2e2f
 32c:	692f2e2e 	stmdbvs	pc!, {r1, r2, r3, r5, r9, sl, fp, sp}	; <UNPREDICTABLE>
 330:	2f00636e 	svccs	0x0000636e
 334:	2f727375 	svccs	0x00727375
 338:	2f62696c 	svccs	0x0062696c
 33c:	2f636367 	svccs	0x00636367
 340:	2d6d7261 	sfmcs	f7, 2, [sp, #-388]!	; 0xfffffe7c
 344:	656e6f6e 	strbvs	r6, [lr, #-3950]!	; 0xfffff092
 348:	6261652d 	rsbvs	r6, r1, #188743680	; 0xb400000
 34c:	30312f69 	eorscc	r2, r1, r9, ror #30
 350:	312e332e 			; <UNDEFINED> instruction: 0x312e332e
 354:	636e692f 	cmnvs	lr, #770048	; 0xbc000
 358:	6564756c 	strbvs	r7, [r4, #-1388]!	; 0xfffffa94
 35c:	63730000 	cmnvs	r3, #0
 360:	75646568 	strbvc	r6, [r4, #-1384]!	; 0xfffffa98
 364:	5f72656c 	svcpl	0x0072656c
 368:	616e616d 	cmnvs	lr, sp, ror #2
 36c:	2e726567 	cdpcs	5, 7, cr6, cr2, cr7, {3}
 370:	00010063 	andeq	r0, r1, r3, rrx
 374:	68637300 	stmdavs	r3!, {r8, r9, ip, sp, lr}^
 378:	6c756465 	cfldrdvs	mvd6, [r5], #-404	; 0xfffffe6c
 37c:	6d5f7265 	lfmvs	f7, 2, [pc, #-404]	; 1f0 <TAREA_IDLE_IRQ_STACK_SIZE+0xf0>
 380:	67616e61 	strbvs	r6, [r1, -r1, ror #28]!
 384:	682e7265 	stmdavs	lr!, {r0, r2, r5, r6, r9, ip, sp, lr}
 388:	00000200 	andeq	r0, r0, r0, lsl #4
 38c:	69647473 	stmdbvs	r4!, {r0, r1, r4, r5, r6, sl, ip, sp, lr}^
 390:	682e746e 	stmdavs	lr!, {r1, r2, r3, r5, r6, sl, ip, sp, lr}
 394:	00000300 	andeq	r0, r0, r0, lsl #6
 398:	00010500 	andeq	r0, r1, r0, lsl #10
 39c:	01680205 	cmneq	r8, r5, lsl #4
 3a0:	11037001 	tstne	r3, r1
 3a4:	83300501 	teqhi	r0, #4194304	; 0x400000
 3a8:	05660f05 	strbeq	r0, [r6, #-3845]!	; 0xfffff0fb
 3ac:	0f05d730 	svceq	0x0005d730
 3b0:	f5180566 			; <UNDEFINED> instruction: 0xf5180566
 3b4:	05663e05 	strbeq	r3, [r6, #-3589]!	; 0xfffff1fb
 3b8:	0705664c 	streq	r6, [r5, -ip, asr #12]
 3bc:	4d2405d6 	cfstr32mi	mvfx0, [r4, #-856]!	; 0xfffffca8
 3c0:	05f70905 	ldrbeq	r0, [r7, #2309]!	; 0x905
 3c4:	09053038 	stmdbeq	r5, {r3, r4, r5, ip, sp}
 3c8:	f41c0566 			; <UNDEFINED> instruction: 0xf41c0566
 3cc:	05660b05 	strbeq	r0, [r6, #-2821]!	; 0xfffff4fb
 3d0:	2a054c1d 	bcs	15344c <_tarea_1_stack_phy_size_+0x1526cc>
 3d4:	2e05a266 	cdpcs	2, 0, cr10, cr5, cr6, {3}
 3d8:	663c0588 	ldrtvs	r0, [ip], -r8, lsl #11
 3dc:	05d30905 	ldrbeq	r0, [r3, #2309]	; 0x905
 3e0:	46053538 			; <UNDEFINED> instruction: 0x46053538
 3e4:	d6090566 	strle	r0, [r9], -r6, ror #10
 3e8:	05301c05 	ldreq	r1, [r0, #-3077]!	; 0xfffff3fb
 3ec:	0d05660b 	stceq	6, cr6, [r5, #-44]	; 0xffffffd4
 3f0:	2f3c054c 	svccs	0x003c054c
 3f4:	05664a05 	strbeq	r4, [r6, #-2565]!	; 0xfffff5fb
 3f8:	0905d60d 	stmdbeq	r5, {r0, r2, r3, r9, sl, ip, lr, pc}
 3fc:	30380532 	eorscc	r0, r8, r2, lsr r5
 400:	05664605 	strbeq	r4, [r6, #-1541]!	; 0xfffff9fb
 404:	2a05ba09 	bcs	16ec30 <_tarea_1_stack_phy_size_+0x16deb0>
 408:	660f052f 	strvs	r0, [pc], -pc, lsr #10
 40c:	05d71e05 	ldrbeq	r1, [r7, #3589]	; 0xe05
 410:	0a058324 	beq	1610a8 <_tarea_1_stack_phy_size_+0x160328>
 414:	66070585 	strvs	r0, [r7], -r5, lsl #11
 418:	054d0b05 	strbeq	r0, [sp, #-2821]	; 0xfffff4fb
 41c:	3905d709 	stmdbcc	r5, {r0, r3, r8, r9, sl, ip, lr, pc}
 420:	6647052f 	strbvs	r0, [r7], -pc, lsr #10
 424:	2fd60905 	svccs	0x00d60905
 428:	05310c05 	ldreq	r0, [r1, #-3077]!	; 0xfffff3fb
 42c:	08023001 	stmdaeq	r2, {r0, ip, sp}
 430:	d0010100 	andle	r0, r1, r0, lsl #2
 434:	03000000 	movweq	r0, #0
 438:	00006400 	andeq	r6, r0, r0, lsl #8
 43c:	fb010200 	blx	40c46 <_tarea_1_stack_phy_size_+0x3fec6>
 440:	01000d0e 	tsteq	r0, lr, lsl #26
 444:	00010101 	andeq	r0, r1, r1, lsl #2
 448:	00010000 	andeq	r0, r1, r0
 44c:	72730100 	rsbsvc	r0, r3, #0, 2
 450:	656b2f63 	strbvs	r2, [fp, #-3939]!	; 0xfffff09d
 454:	6c656e72 	stclvs	14, cr6, [r5], #-456	; 0xfffffe38
 458:	73752f00 	cmnvc	r5, #0, 30
 45c:	696c2f72 	stmdbvs	ip!, {r1, r4, r5, r6, r8, r9, sl, fp, sp}^
 460:	63672f62 	cmnvs	r7, #392	; 0x188
 464:	72612f63 	rsbvc	r2, r1, #396	; 0x18c
 468:	6f6e2d6d 	svcvs	0x006e2d6d
 46c:	652d656e 	strvs	r6, [sp, #-1390]!	; 0xfffffa92
 470:	2f696261 	svccs	0x00696261
 474:	332e3031 			; <UNDEFINED> instruction: 0x332e3031
 478:	692f312e 	stmdbvs	pc!, {r1, r2, r3, r5, r8, ip, sp}	; <UNPREDICTABLE>
 47c:	756c636e 	strbvc	r6, [ip, #-878]!	; 0xfffffc92
 480:	00006564 	andeq	r6, r0, r4, ror #10
 484:	72616f62 	rsbvc	r6, r1, #392	; 0x188
 488:	6e695f64 	cdpvs	15, 6, cr5, cr9, cr4, {3}
 48c:	632e7469 			; <UNDEFINED> instruction: 0x632e7469
 490:	00000100 	andeq	r0, r0, r0, lsl #2
 494:	69647473 	stmdbvs	r4!, {r0, r1, r4, r5, r6, sl, ip, sp, lr}^
 498:	682e746e 	stmdavs	lr!, {r1, r2, r3, r5, r6, sl, ip, sp, lr}
 49c:	00000200 	andeq	r0, r0, r0, lsl #4
 4a0:	00010500 	andeq	r0, r1, r0, lsl #10
 4a4:	05040205 	streq	r0, [r4, #-517]	; 0xfffffdfb
 4a8:	e7037001 	str	r7, [r3, -r1]
 4ac:	05050100 	streq	r0, [r5, #-256]	; 0xffffff00
 4b0:	312f2f4c 			; <UNDEFINED> instruction: 0x312f2f4c
 4b4:	1303f3f3 	movwne	pc, #13299	; 0x33f3	; <UNPREDICTABLE>
 4b8:	f3f4f3f2 	vrsra.u64	<illegal reg q15.5>, q9, #12
 4bc:	f3f3f4f3 	vsri.64	<illegal reg q15.5>, <illegal reg q9.5>, #13
 4c0:	f3f3f5fa 	vsli.64	<illegal reg q15.5>, q13, #51	; 0x33
 4c4:	f5f3f3f4 			; <UNDEFINED> instruction: 0xf5f3f3f4
 4c8:	bcf3bdbc 	ldcllt	13, cr11, [r3], #752	; 0x2f0
 4cc:	05f81005 	ldrbeq	r1, [r8, #5]!
 4d0:	f3f38605 	vrsubhn.i<illegal width 128>	d24, <illegal reg q1.5>, <illegal reg q2.5>
 4d4:	f6f6f3f3 			; <UNDEFINED> instruction: 0xf6f6f3f3
 4d8:	f3f4f3f3 	vrsra.u64	<illegal reg q15.5>, <illegal reg q9.5>, #12
 4dc:	bdbcf5f3 	cfldr32lt	mvfx15, [ip, #972]!	; 0x3cc
 4e0:	be1005f3 	mrclt	5, 0, r0, cr0, cr3, {7}
 4e4:	f3850505 	vabal.u8	q0, d5, d5
 4e8:	f4f3f3f3 			; <UNDEFINED> instruction: 0xf4f3f3f3
 4ec:	f4f3f3f6 			; <UNDEFINED> instruction: 0xf4f3f3f6
 4f0:	bcf5f3f3 	ldcllt	3, cr15, [r5], #972	; 0x3cc
 4f4:	1005f3bd 			; <UNDEFINED> instruction: 0x1005f3bd
 4f8:	860505bc 			; <UNDEFINED> instruction: 0x860505bc
 4fc:	052f302f 	streq	r3, [pc, #-47]!	; 4d5 <IRQ_STACK_SIZE+0xd5>
 500:	08023301 	stmdaeq	r2, {r0, r8, r9, ip, sp}
 504:	17010100 	strne	r0, [r1, -r0, lsl #2]
 508:	03000001 	movweq	r0, #1
 50c:	00005e00 	andeq	r5, r0, r0, lsl #28
 510:	fb010200 	blx	40d1a <_tarea_1_stack_phy_size_+0x3ff9a>
 514:	01000d0e 	tsteq	r0, lr, lsl #26
 518:	00010101 	andeq	r0, r1, r1, lsl #2
 51c:	00010000 	andeq	r0, r1, r0
 520:	72730100 	rsbsvc	r0, r3, #0, 2
 524:	6f622f63 	svcvs	0x00622f63
 528:	00647261 	rsbeq	r7, r4, r1, ror #4
 52c:	7273752f 	rsbsvc	r7, r3, #197132288	; 0xbc00000
 530:	62696c2f 	rsbvs	r6, r9, #12032	; 0x2f00
 534:	6363672f 	cmnvs	r3, #12320768	; 0xbc0000
 538:	6d72612f 	ldfvse	f6, [r2, #-188]!	; 0xffffff44
 53c:	6e6f6e2d 	cdpvs	14, 6, cr6, cr15, cr13, {1}
 540:	61652d65 	cmnvs	r5, r5, ror #26
 544:	312f6962 			; <UNDEFINED> instruction: 0x312f6962
 548:	2e332e30 	mrccs	14, 1, r2, cr3, cr0, {1}
 54c:	6e692f31 	mcrvs	15, 3, r2, cr9, cr1, {1}
 550:	64756c63 	ldrbtvs	r6, [r5], #-3171	; 0xfffff39d
 554:	6d000065 	stcvs	0, cr0, [r0, #-404]	; 0xfffffe6c
 558:	6f657061 	svcvs	0x00657061
 55c:	0100632e 	tsteq	r0, lr, lsr #6
 560:	74730000 	ldrbtvc	r0, [r3], #-0
 564:	746e6964 	strbtvc	r6, [lr], #-2404	; 0xfffff69c
 568:	0200682e 	andeq	r6, r0, #3014656	; 0x2e0000
 56c:	05000000 	streq	r0, [r0, #-0]
 570:	02050001 	andeq	r0, r5, #1
 574:	70010c00 	andvc	r0, r1, r0, lsl #24
 578:	05011803 	streq	r1, [r1, #-2051]	; 0xfffff7fd
 57c:	054bd70e 	strbeq	sp, [fp, #-1806]	; 0xfffff8f2
 580:	0e056725 	cdpeq	7, 0, cr6, cr5, cr5, {1}
 584:	4c34054a 	cfldr32mi	mvfx0, [r4], #-296	; 0xfffffed8
 588:	054a1705 	strbeq	r1, [sl, #-1797]	; 0xfffff8fb
 58c:	0f052e28 	svceq	0x00052e28
 590:	3109052e 	tstcc	r9, lr, lsr #10
 594:	054a1205 	strbeq	r1, [sl, #-517]	; 0xfffffdfb
 598:	17052e07 	strne	r2, [r5, -r7, lsl #28]
 59c:	660b054c 	strvs	r0, [fp], -ip, asr #10
 5a0:	05505005 	ldrbeq	r5, [r0, #-5]
 5a4:	25058241 	strcs	r8, [r5, #-577]	; 0xfffffdbf
 5a8:	2e41052e 	cdpcs	5, 4, cr0, cr1, cr14, {1}
 5ac:	054a1305 	strbeq	r1, [sl, #-773]	; 0xfffffcfb
 5b0:	3705311c 	smladcc	r5, ip, r1, r3
 5b4:	4a10052e 	bmi	401a74 <_tarea_1_stack_phy_size_+0x400cf4>
 5b8:	05824505 	streq	r4, [r2, #1285]	; 0x505
 5bc:	14052e1a 	strne	r2, [r5], #-3610	; 0xfffff1e6
 5c0:	03450530 	movteq	r0, #21808	; 0x5530
 5c4:	4805d60e 	stmdami	r5, {r1, r2, r3, r9, sl, ip, lr, pc}
 5c8:	2e370582 	cfadd32cs	mvfx0, mvfx7, mvfx2
 5cc:	052e1c05 	streq	r1, [lr, #-3077]!	; 0xfffff3fb
 5d0:	5b052e37 	blpl	14beb4 <_tarea_1_stack_phy_size_+0x14b134>
 5d4:	4a4f052e 	bmi	13c1a94 <_tarea_1_stack_phy_size_+0x13c0d14>
 5d8:	054a0f05 	strbeq	r0, [sl, #-3845]	; 0xfffff0fb
 5dc:	35053020 	strcc	r3, [r5, #-32]	; 0xffffffe0
 5e0:	4a2d0566 	bmi	b41b80 <_tarea_1_stack_phy_size_+0xb40e00>
 5e4:	052e1105 	streq	r1, [lr, #-261]!	; 0xfffffefb
 5e8:	66750335 			; <UNDEFINED> instruction: 0x66750335
 5ec:	054a1805 	strbeq	r1, [sl, #-2053]	; 0xfffff7fb
 5f0:	13052e29 	movwne	r2, #24105	; 0x5e29
 5f4:	2f25052e 	svccs	0x0025052e
 5f8:	054a2c05 	strbeq	r2, [sl, #-3077]	; 0xfffff3fb
 5fc:	30054a13 	andcc	r4, r5, r3, lsl sl
 600:	4a130530 	bmi	4c1ac8 <_tarea_1_stack_phy_size_+0x4c0d48>
 604:	05672305 	strbeq	r2, [r7, #-773]!	; 0xfffffcfb
 608:	30056639 	andcc	r6, r5, r9, lsr r6
 60c:	2e14054a 	cfmac32cs	mvfx0, mvfx4, mvfx10
 610:	054c0905 	strbeq	r0, [ip, #-2309]	; 0xfffff6fb
 614:	2e6c030d 	cdpcs	3, 6, cr0, cr12, cr13, {0}
 618:	1a030105 	bne	c0a34 <_tarea_1_stack_phy_size_+0xbfcb4>
 61c:	0006022e 	andeq	r0, r6, lr, lsr #4
 620:	00a10101 	adceq	r0, r1, r1, lsl #2
 624:	00030000 	andeq	r0, r3, r0
 628:	0000007d 	andeq	r0, r0, sp, ror r0
 62c:	0efb0102 	cdpeq	1, 15, cr0, cr11, cr2, {0}
 630:	0101000d 	tsteq	r1, sp
 634:	00000101 	andeq	r0, r0, r1, lsl #2
 638:	00000100 	andeq	r0, r0, r0, lsl #2
 63c:	63727301 	cmnvs	r2, #67108864	; 0x4000000
 640:	616f622f 	cmnvs	pc, pc, lsr #4
 644:	2f006472 	svccs	0x00006472
 648:	2f727375 	svccs	0x00727375
 64c:	2f62696c 	svccs	0x0062696c
 650:	2f636367 	svccs	0x00636367
 654:	2d6d7261 	sfmcs	f7, 2, [sp, #-388]!	; 0xfffffe7c
 658:	656e6f6e 	strbvs	r6, [lr, #-3950]!	; 0xfffff092
 65c:	6261652d 	rsbvs	r6, r1, #188743680	; 0xb400000
 660:	30312f69 	eorscc	r2, r1, r9, ror #30
 664:	312e332e 			; <UNDEFINED> instruction: 0x312e332e
 668:	636e692f 	cmnvs	lr, #770048	; 0xbc000
 66c:	6564756c 	strbvs	r7, [r4, #-1388]!	; 0xfffffa94
 670:	63727300 	cmnvs	r2, #0, 6
 674:	616f622f 	cmnvs	pc, pc, lsr #4
 678:	2e2f6472 	mcrcs	4, 1, r6, cr15, cr2, {3}
 67c:	2e2e2f2e 	cdpcs	15, 2, cr2, cr14, cr14, {1}
 680:	636e692f 	cmnvs	lr, #770048	; 0xbc000
 684:	69740000 	ldmdbvs	r4!, {}^	; <UNPREDICTABLE>
 688:	2e72656d 	cdpcs	5, 7, cr6, cr2, cr13, {3}
 68c:	00010063 	andeq	r0, r1, r3, rrx
 690:	64747300 	ldrbtvs	r7, [r4], #-768	; 0xfffffd00
 694:	2e746e69 	cdpcs	14, 7, cr6, cr4, cr9, {3}
 698:	00020068 	andeq	r0, r2, r8, rrx
 69c:	6d697400 	cfstrdvs	mvd7, [r9, #-0]
 6a0:	682e7265 	stmdavs	lr!, {r0, r2, r5, r6, r9, ip, sp, lr}
 6a4:	00000300 	andeq	r0, r0, r0, lsl #6
 6a8:	00050500 	andeq	r0, r5, r0, lsl #10
 6ac:	0da80205 	sfmeq	f0, 4, [r8, #20]!
 6b0:	05157001 	ldreq	r7, [r5, #-1]
 6b4:	20056819 	andcs	r6, r5, r9, lsl r8
 6b8:	1f056869 	svcne	0x00056869
 6bc:	05a0a068 	streq	sl, [r0, #104]!	; 0x68
 6c0:	0802a005 	stmdaeq	r2, {r0, r2, sp, pc}
 6c4:	9e010100 	adflss	f0, f1, f0
 6c8:	03000000 	movweq	r0, #0
 6cc:	00007900 	andeq	r7, r0, r0, lsl #18
 6d0:	fb010200 	blx	40eda <_tarea_1_stack_phy_size_+0x4015a>
 6d4:	01000d0e 	tsteq	r0, lr, lsl #26
 6d8:	00010101 	andeq	r0, r1, r1, lsl #2
 6dc:	00010000 	andeq	r0, r1, r0
 6e0:	72730100 	rsbsvc	r0, r3, #0, 2
 6e4:	6f622f63 	svcvs	0x00622f63
 6e8:	00647261 	rsbeq	r7, r4, r1, ror #4
 6ec:	7273752f 	rsbsvc	r7, r3, #197132288	; 0xbc00000
 6f0:	62696c2f 	rsbvs	r6, r9, #12032	; 0x2f00
 6f4:	6363672f 	cmnvs	r3, #12320768	; 0xbc0000
 6f8:	6d72612f 	ldfvse	f6, [r2, #-188]!	; 0xffffff44
 6fc:	6e6f6e2d 	cdpvs	14, 6, cr6, cr15, cr13, {1}
 700:	61652d65 	cmnvs	r5, r5, ror #26
 704:	312f6962 			; <UNDEFINED> instruction: 0x312f6962
 708:	2e332e30 	mrccs	14, 1, r2, cr3, cr0, {1}
 70c:	6e692f31 	mcrvs	15, 3, r2, cr9, cr1, {1}
 710:	64756c63 	ldrbtvs	r6, [r5], #-3171	; 0xfffff39d
 714:	72730065 	rsbsvc	r0, r3, #101	; 0x65
 718:	6f622f63 	svcvs	0x00622f63
 71c:	2f647261 	svccs	0x00647261
 720:	2e2f2e2e 	cdpcs	14, 2, cr2, cr15, cr14, {1}
 724:	6e692f2e 	cdpvs	15, 6, cr2, cr9, cr14, {1}
 728:	67000063 	strvs	r0, [r0, -r3, rrx]
 72c:	632e6369 			; <UNDEFINED> instruction: 0x632e6369
 730:	00000100 	andeq	r0, r0, r0, lsl #2
 734:	69647473 	stmdbvs	r4!, {r0, r1, r4, r5, r6, sl, ip, sp, lr}^
 738:	682e746e 	stmdavs	lr!, {r1, r2, r3, r5, r6, sl, ip, sp, lr}
 73c:	00000200 	andeq	r0, r0, r0, lsl #4
 740:	2e636967 	vnmulcs.f16	s13, s6, s15	; <UNPREDICTABLE>
 744:	00030068 	andeq	r0, r3, r8, rrx
 748:	05050000 	streq	r0, [r5, #-0]
 74c:	24020500 	strcs	r0, [r2], #-1280	; 0xfffffb00
 750:	1570010e 	ldrbne	r0, [r0, #-270]!	; 0xfffffef2
 754:	4c681805 	stclmi	8, cr1, [r8], #-20	; 0xffffffec
 758:	05691505 	strbeq	r1, [r9, #-1285]!	; 0xfffffafb
 75c:	a0a0681d 	adcge	r6, r0, sp, lsl r8
 760:	68050568 	stmdavs	r5, {r3, r5, r6, r8, sl}
 764:	01000802 	tsteq	r0, r2, lsl #16
 768:	0000b301 	andeq	fp, r0, r1, lsl #6
 76c:	60000300 	andvs	r0, r0, r0, lsl #6
 770:	02000000 	andeq	r0, r0, #0
 774:	0d0efb01 	vstreq	d15, [lr, #-4]
 778:	01010100 	mrseq	r0, (UNDEF: 17)
 77c:	00000001 	andeq	r0, r0, r1
 780:	01000001 	tsteq	r0, r1
 784:	2f637273 	svccs	0x00637273
 788:	72616f62 	rsbvc	r6, r1, #392	; 0x188
 78c:	752f0064 	strvc	r0, [pc, #-100]!	; 730 <IRQ_STACK_SIZE+0x330>
 790:	6c2f7273 	sfmvs	f7, 4, [pc], #-460	; 5cc <IRQ_STACK_SIZE+0x1cc>
 794:	672f6269 	strvs	r6, [pc, -r9, ror #4]!
 798:	612f6363 			; <UNDEFINED> instruction: 0x612f6363
 79c:	6e2d6d72 	mcrvs	13, 1, r6, cr13, cr2, {3}
 7a0:	2d656e6f 	stclcs	14, cr6, [r5, #-444]!	; 0xfffffe44
 7a4:	69626165 	stmdbvs	r2!, {r0, r2, r5, r6, r8, sp, lr}^
 7a8:	2e30312f 	rsfcssp	f3, f0, #10.0
 7ac:	2f312e33 	svccs	0x00312e33
 7b0:	6c636e69 	stclvs	14, cr6, [r3], #-420	; 0xfffffe5c
 7b4:	00656475 	rsbeq	r6, r5, r5, ror r4
 7b8:	6d656d00 	stclvs	13, cr6, [r5, #-0]
 7bc:	79706f63 	ldmdbvc	r0!, {r0, r1, r5, r6, r8, r9, sl, fp, sp, lr}^
 7c0:	0100632e 	tsteq	r0, lr, lsr #6
 7c4:	74730000 	ldrbtvc	r0, [r3], #-0
 7c8:	746e6964 	strbtvc	r6, [lr], #-2404	; 0xfffff69c
 7cc:	0200682e 	andeq	r6, r0, #3014656	; 0x2e0000
 7d0:	05000000 	streq	r0, [r0, #-0]
 7d4:	02050001 	andeq	r0, r5, #1
 7d8:	70010ea0 	andvc	r0, r1, r0, lsr #29
 7dc:	bb100517 	bllt	401c40 <_tarea_1_stack_phy_size_+0x400ec0>
 7e0:	054b1305 	strbeq	r1, [fp, #-773]	; 0xfffffcfb
 7e4:	0e054a05 	vmlaeq.f32	s8, s10, s10
 7e8:	03040200 	movweq	r0, #16896	; 0x4200
 7ec:	00140530 	andseq	r0, r4, r0, lsr r5
 7f0:	82030402 	andhi	r0, r3, #33554432	; 0x2000000
 7f4:	02001205 	andeq	r1, r0, #1342177280	; 0x50000000
 7f8:	054a0304 	strbeq	r0, [sl, #-772]	; 0xfffffcfc
 7fc:	0402000b 	streq	r0, [r2], #-11
 800:	2f052f03 	svccs	0x00052f03
 804:	03040200 	movweq	r0, #16896	; 0x4200
 808:	00290563 	eoreq	r0, r9, r3, ror #10
 80c:	66010402 	strvs	r0, [r1], -r2, lsl #8
 810:	02000505 	andeq	r0, r0, #20971520	; 0x1400000
 814:	6b4a0104 	blvs	1280c2c <_tarea_1_stack_phy_size_+0x127feac>
 818:	022f0105 	eoreq	r0, pc, #1073741825	; 0x40000001
 81c:	01010006 	tsteq	r1, r6
 820:	000001ff 	strdeq	r0, [r0], -pc	; <UNPREDICTABLE>
 824:	008c0003 	addeq	r0, ip, r3
 828:	01020000 	mrseq	r0, (UNDEF: 2)
 82c:	000d0efb 	strdeq	r0, [sp], -fp
 830:	01010101 	tsteq	r1, r1, lsl #2
 834:	01000000 	mrseq	r0, (UNDEF: 0)
 838:	73010000 	movwvc	r0, #4096	; 0x1000
 83c:	622f6372 	eorvs	r6, pc, #-939524095	; 0xc8000001
 840:	6472616f 	ldrbtvs	r6, [r2], #-367	; 0xfffffe91
 844:	63727300 	cmnvs	r2, #0, 6
 848:	616f622f 	cmnvs	pc, pc, lsr #4
 84c:	2e2f6472 	mcrcs	4, 1, r6, cr15, cr2, {3}
 850:	2e2e2f2e 	cdpcs	15, 2, cr2, cr14, cr14, {1}
 854:	636e692f 	cmnvs	lr, #770048	; 0xbc000
 858:	73752f00 	cmnvc	r5, #0, 30
 85c:	696c2f72 	stmdbvs	ip!, {r1, r4, r5, r6, r8, r9, sl, fp, sp}^
 860:	63672f62 	cmnvs	r7, #392	; 0x188
 864:	72612f63 	rsbvc	r2, r1, #396	; 0x18c
 868:	6f6e2d6d 	svcvs	0x006e2d6d
 86c:	652d656e 	strvs	r6, [sp, #-1390]!	; 0xfffffa92
 870:	2f696261 	svccs	0x00696261
 874:	332e3031 			; <UNDEFINED> instruction: 0x332e3031
 878:	692f312e 	stmdbvs	pc!, {r1, r2, r3, r5, r8, ip, sp}	; <UNPREDICTABLE>
 87c:	756c636e 	strbvc	r6, [ip, #-878]!	; 0xfffffc92
 880:	00006564 	andeq	r6, r0, r4, ror #10
 884:	5f424354 	svcpl	0x00424354
 888:	74696e69 	strbtvc	r6, [r9], #-3689	; 0xfffff197
 88c:	0100632e 	tsteq	r0, lr, lsr #6
 890:	63730000 	cmnvs	r3, #0
 894:	75646568 	strbvc	r6, [r4, #-1384]!	; 0xfffffa98
 898:	5f72656c 	svcpl	0x0072656c
 89c:	616e616d 	cmnvs	lr, sp, ror #2
 8a0:	2e726567 	cdpcs	5, 7, cr6, cr2, cr7, {3}
 8a4:	00020068 	andeq	r0, r2, r8, rrx
 8a8:	64747300 	ldrbtvs	r7, [r4], #-768	; 0xfffffd00
 8ac:	2e746e69 	cdpcs	14, 7, cr6, cr4, cr9, {3}
 8b0:	00030068 	andeq	r0, r3, r8, rrx
 8b4:	01050000 	mrseq	r0, (UNDEF: 5)
 8b8:	24020500 	strcs	r0, [r2], #-1280	; 0xfffffb00
 8bc:	0370010f 	cmneq	r0, #-1073741821	; 0xc0000003
 8c0:	0905011d 	stmdbeq	r5, {r0, r2, r3, r4, r8}
 8c4:	4d220567 	cfstr32mi	mvfx0, [r2, #-412]!	; 0xfffffe64
 8c8:	05832005 	streq	r2, [r3, #5]
 8cc:	6767850b 	strbvs	r8, [r7, -fp, lsl #10]!
 8d0:	9f6b1805 	svcls	0x006b1805
 8d4:	9f9fa19f 	svcls	0x009fa19f
 8d8:	059f83a0 	ldreq	r8, [pc, #928]	; c80 <IRQ_STACK_SIZE+0x880>
 8dc:	8383a41a 	orrhi	sl, r3, #436207616	; 0x1a000000
 8e0:	83851c05 	orrhi	r1, r5, #1280	; 0x500
 8e4:	85190583 	ldrhi	r0, [r9, #-1411]	; 0xfffffa7d
 8e8:	14058383 	strne	r8, [r5], #-899	; 0xfffffc7d
 8ec:	66060587 	strvs	r0, [r6], -r7, lsl #11
 8f0:	052e1b05 	streq	r1, [lr, #-2821]!	; 0xfffff4fb
 8f4:	1c056614 	stcne	6, cr6, [r5], {20}
 8f8:	2e1b0566 	cfmsc32cs	mvfx0, mvfx11, mvfx6
 8fc:	052f1405 	streq	r1, [pc, #-1029]!	; 4ff <IRQ_STACK_SIZE+0xff>
 900:	1b056606 	blne	15a120 <_tarea_1_stack_phy_size_+0x1593a0>
 904:	6614052e 	ldrvs	r0, [r4], -lr, lsr #10
 908:	05661c05 	strbeq	r1, [r6, #-3077]!	; 0xfffff3fb
 90c:	14052e1b 	strne	r2, [r5], #-3611	; 0xfffff1e5
 910:	6606052f 	strvs	r0, [r6], -pc, lsr #10
 914:	052e1b05 	streq	r1, [lr, #-2821]!	; 0xfffff4fb
 918:	1c056614 	stcne	6, cr6, [r5], {20}
 91c:	2e1b0566 	cfmsc32cs	mvfx0, mvfx11, mvfx6
 920:	05320a05 	ldreq	r0, [r2, #-2565]!	; 0xfffff5fb
 924:	18054a05 	stmdane	r5, {r0, r2, r9, fp, lr}
 928:	03040200 	movweq	r0, #16896	; 0x4200
 92c:	000a0530 	andeq	r0, sl, r0, lsr r5
 930:	66030402 	strvs	r0, [r3], -r2, lsl #8
 934:	02001f05 	andeq	r1, r0, #5, 30
 938:	052e0304 	streq	r0, [lr, #-772]!	; 0xfffffcfc
 93c:	04020018 	streq	r0, [r2], #-24	; 0xffffffe8
 940:	1f056603 	svcne	0x00056603
 944:	03040200 	movweq	r0, #16896	; 0x4200
 948:	00180566 	andseq	r0, r8, r6, ror #10
 94c:	4b030402 	blmi	c195c <_tarea_1_stack_phy_size_+0xc0bdc>
 950:	02000a05 	andeq	r0, r0, #20480	; 0x5000
 954:	05660304 	strbeq	r0, [r6, #-772]!	; 0xfffffcfc
 958:	0402001f 	streq	r0, [r2], #-31	; 0xffffffe1
 95c:	18052e03 	stmdane	r5, {r0, r1, r9, sl, fp, sp}
 960:	03040200 	movweq	r0, #16896	; 0x4200
 964:	001f0566 	andseq	r0, pc, r6, ror #10
 968:	66030402 	strvs	r0, [r3], -r2, lsl #8
 96c:	02001805 	andeq	r1, r0, #327680	; 0x50000
 970:	054b0304 	strbeq	r0, [fp, #-772]	; 0xfffffcfc
 974:	0402000a 	streq	r0, [r2], #-10
 978:	1f056603 	svcne	0x00056603
 97c:	03040200 	movweq	r0, #16896	; 0x4200
 980:	0018052e 	andseq	r0, r8, lr, lsr #10
 984:	66030402 	strvs	r0, [r3], -r2, lsl #8
 988:	02001f05 	andeq	r1, r0, #5, 30
 98c:	05660304 	strbeq	r0, [r6, #-772]!	; 0xfffffcfc
 990:	04020014 	streq	r0, [r2], #-20	; 0xffffffec
 994:	05054603 	streq	r4, [r5, #-1539]	; 0xfffff9fd
 998:	01040200 	mrseq	r0, R12_usr
 99c:	6e2b0566 	cfsh64vs	mvdx0, mvdx11, #54
 9a0:	05660e05 	strbeq	r0, [r6, #-3589]!	; 0xfffff1fb
 9a4:	0e052f2b 	cdpeq	15, 0, cr2, cr5, cr11, {1}
 9a8:	2f2b0566 	svccs	0x002b0566
 9ac:	05660e05 	strbeq	r0, [r6, #-3589]!	; 0xfffff1fb
 9b0:	0d053305 	stceq	3, cr3, [r5, #-20]	; 0xffffffec
 9b4:	6814054d 	ldmdavs	r4, {r0, r2, r3, r6, r8, sl}
 9b8:	05660605 	strbeq	r0, [r6, #-1541]!	; 0xfffff9fb
 9bc:	14052e1b 	strne	r2, [r5], #-3611	; 0xfffff1e5
 9c0:	661b0566 	ldrvs	r0, [fp], -r6, ror #10
 9c4:	674d0e05 	strbvs	r0, [sp, -r5, lsl #28]
 9c8:	05671405 	strbeq	r1, [r7, #-1029]!	; 0xfffffbfb
 9cc:	1b056606 	blne	15a1ec <_tarea_1_stack_phy_size_+0x15946c>
 9d0:	6614052e 	ldrvs	r0, [r4], -lr, lsr #10
 9d4:	05661b05 	strbeq	r1, [r6, #-2821]!	; 0xfffff4fb
 9d8:	06054b14 			; <UNDEFINED> instruction: 0x06054b14
 9dc:	2e1b0566 	cfmsc32cs	mvfx0, mvfx11, mvfx6
 9e0:	05661405 	strbeq	r1, [r6, #-1029]!	; 0xfffffbfb
 9e4:	1405661b 	strne	r6, [r5], #-1563	; 0xfffff9e5
 9e8:	6606054e 	strvs	r0, [r6], -lr, asr #10
 9ec:	052e1b05 	streq	r1, [lr, #-2821]!	; 0xfffff4fb
 9f0:	1b056614 	blne	15a248 <_tarea_1_stack_phy_size_+0x1594c8>
 9f4:	4b140566 	blmi	501f94 <_tarea_1_stack_phy_size_+0x501214>
 9f8:	05660605 	strbeq	r0, [r6, #-1541]!	; 0xfffff9fb
 9fc:	14052e1b 	strne	r2, [r5], #-3611	; 0xfffff1e5
 a00:	661b0566 	ldrvs	r0, [fp], -r6, ror #10
 a04:	054b1405 	strbeq	r1, [fp, #-1029]	; 0xfffffbfb
 a08:	1b056606 	blne	15a228 <_tarea_1_stack_phy_size_+0x1594a8>
 a0c:	6614052e 	ldrvs	r0, [r4], -lr, lsr #10
 a10:	05661b05 	strbeq	r1, [r6, #-2821]!	; 0xfffff4fb
 a14:	9f9f4c17 	svcls	0x009f4c17
 a18:	05a00505 	streq	r0, [r0, #1285]!	; 0x505
 a1c:	06023101 	streq	r3, [r2], -r1, lsl #2
 a20:	Address 0x0000000000000a20 is out of bounds.


Disassembly of section .debug_str:

00000000 <.debug_str>:
   0:	676e6f6c 	strbvs	r6, [lr, -ip, ror #30]!
   4:	6e6f6c20 	cdpvs	12, 6, cr6, cr15, cr0, {1}
   8:	6e692067 	cdpvs	0, 6, cr2, cr9, cr7, {3}
   c:	4e470074 	mcrmi	0, 2, r0, cr7, cr4, {3}
  10:	39432055 	stmdbcc	r3, {r0, r2, r4, r6, sp}^
  14:	30312039 	eorscc	r2, r1, r9, lsr r0
  18:	312e332e 			; <UNDEFINED> instruction: 0x312e332e
  1c:	32303220 	eorscc	r3, r0, #32, 4
  20:	32363031 	eorscc	r3, r6, #49	; 0x31
  24:	72282031 	eorvc	r2, r8, #49	; 0x31
  28:	61656c65 	cmnvs	r5, r5, ror #24
  2c:	20296573 	eorcs	r6, r9, r3, ror r5
  30:	70666d2d 	rsbvc	r6, r6, sp, lsr #26
  34:	656e3d75 	strbvs	r3, [lr, #-3445]!	; 0xfffff28b
  38:	2d206e6f 	stccs	14, cr6, [r0, #-444]!	; 0xfffffe44
  3c:	6f6c666d 	svcvs	0x006c666d
  40:	612d7461 			; <UNDEFINED> instruction: 0x612d7461
  44:	683d6962 	ldmdavs	sp!, {r1, r5, r6, r8, fp, sp, lr}
  48:	20647261 	rsbcs	r7, r4, r1, ror #4
  4c:	70636d2d 	rsbvc	r6, r3, sp, lsr #26
  50:	6f633d75 	svcvs	0x00633d75
  54:	78657472 	stmdavc	r5!, {r1, r4, r5, r6, sl, ip, sp, lr}^
  58:	2038612d 	eorscs	r6, r8, sp, lsr #2
  5c:	72616d2d 	rsbvc	r6, r1, #2880	; 0xb40
  60:	6d2d206d 	stcvs	0, cr2, [sp, #-436]!	; 0xfffffe4c
  64:	68637261 	stmdavs	r3!, {r0, r5, r6, r9, ip, sp, lr}^
  68:	6d72613d 	ldfvse	f6, [r2, #-244]!	; 0xffffff0c
  6c:	612d3776 			; <UNDEFINED> instruction: 0x612d3776
  70:	6365732b 	cmnvs	r5, #-1409286144	; 0xac000000
  74:	6d69732b 	stclvs	3, cr7, [r9, #-172]!	; 0xffffff54
  78:	672d2064 	strvs	r2, [sp, -r4, rrx]!
  7c:	74732d20 	ldrbtvc	r2, [r3], #-3360	; 0xfffff2e0
  80:	6e673d64 	cdpvs	13, 6, cr3, cr7, cr4, {3}
  84:	00393975 	eorseq	r3, r9, r5, ror r9
  88:	626f6c67 	rsbvs	r6, pc, #26368	; 0x6700
  8c:	315f6c61 	cmpcc	pc, r1, ror #24
  90:	73617400 	cmnvc	r1, #0, 8
  94:	00315f6b 	eorseq	r5, r1, fp, ror #30
  98:	2f637273 	svccs	0x00637273
  9c:	6b736174 	blvs	1cd8674 <_tarea_1_stack_phy_size_+0x1cd78f4>
  a0:	61742f73 	cmnvs	r4, r3, ror pc
  a4:	315f6b73 	cmpcc	pc, r3, ror fp	; <UNPREDICTABLE>
  a8:	6c00632e 	stcvs	3, cr6, [r0], {46}	; 0x2e
  ac:	20676e6f 	rsbcs	r6, r7, pc, ror #28
  b0:	676e6f6c 	strbvs	r6, [lr, -ip, ror #30]!
  b4:	736e7520 	cmnvc	lr, #32, 10	; 0x8000000
  b8:	656e6769 	strbvs	r6, [lr, #-1897]!	; 0xfffff897
  bc:	6e692064 	cdpvs	0, 6, cr2, cr9, cr4, {3}
  c0:	6e750074 	mrcvs	0, 3, r0, cr5, cr4, {3}
  c4:	6e676973 			; <UNDEFINED> instruction: 0x6e676973
  c8:	63206465 			; <UNDEFINED> instruction: 0x63206465
  cc:	00726168 	rsbseq	r6, r2, r8, ror #2
  d0:	726f6873 	rsbvc	r6, pc, #7536640	; 0x730000
  d4:	6e752074 	mrcvs	0, 3, r2, cr5, cr4, {3}
  d8:	6e676973 			; <UNDEFINED> instruction: 0x6e676973
  dc:	69206465 	stmdbvs	r0!, {r0, r2, r5, r6, sl, sp, lr}
  e0:	7300746e 	movwvc	r7, #1134	; 0x46e
  e4:	74726f68 	ldrbtvc	r6, [r2], #-3944	; 0xfffff098
  e8:	746e6920 	strbtvc	r6, [lr], #-2336	; 0xfffff6e0
  ec:	6f682f00 	svcvs	0x00682f00
  f0:	6e2f656d 	cfsh64vs	mvdx6, mvdx15, #61
  f4:	6c6f6369 	stclvs	3, cr6, [pc], #-420	; ffffff58 <_TASK_1_RODATA_PHY+0x7f8abf58>
  f8:	442f7361 	strtmi	r7, [pc], #-865	; 100 <TAREA_IDLE_IRQ_STACK_SIZE>
  fc:	6d75636f 	ldclvs	3, cr6, [r5, #-444]!	; 0xfffffe44
 100:	73746e65 	cmnvc	r4, #1616	; 0x650
 104:	6769442f 	strbvs	r4, [r9, -pc, lsr #8]!
 108:	6c617469 	cfstrdvs	mvd7, [r1], #-420	; 0xfffffe5c
 10c:	2f327365 	svccs	0x00327365
 110:	35303472 	ldrcc	r3, [r0, #-1138]!	; 0xfffffb8e
 114:	4c412d34 	mcrrmi	13, 3, r2, r1, cr4
 118:	4f4e4142 	svcmi	0x004e4142
 11c:	43494e2d 	movtmi	r4, #40493	; 0x9e2d
 120:	53414c4f 	movtpl	r4, #7247	; 0x1c4f
 124:	3170542f 	cmncc	r0, pc, lsr #8
 128:	366a455f 			; <UNDEFINED> instruction: 0x366a455f
 12c:	6f6c6700 	svcvs	0x006c6700
 130:	5f6c6162 	svcpl	0x006c6162
 134:	61740032 	cmnvs	r4, r2, lsr r0
 138:	325f6b73 	subscc	r6, pc, #117760	; 0x1cc00
 13c:	63727300 	cmnvs	r2, #0, 6
 140:	7361742f 	cmnvc	r1, #788529152	; 0x2f000000
 144:	742f736b 	strtvc	r7, [pc], #-875	; 14c <TAREA_IDLE_IRQ_STACK_SIZE+0x4c>
 148:	5f6b7361 	svcpl	0x006b7361
 14c:	00632e32 	rsbeq	r2, r3, r2, lsr lr
 150:	656c6469 	strbvs	r6, [ip, #-1129]!	; 0xfffffb97
 154:	63727300 	cmnvs	r2, #0, 6
 158:	7361742f 	cmnvc	r1, #788529152	; 0x2f000000
 15c:	692f736b 	stmdbvs	pc!, {r0, r1, r3, r5, r6, r8, r9, ip, sp, lr}	; <UNPREDICTABLE>
 160:	2e656c64 	cdpcs	12, 6, cr6, cr5, cr4, {3}
 164:	70730063 	rsbsvc	r0, r3, r3, rrx
 168:	7400635f 	strvc	r6, [r0], #-863	; 0xfffffca1
 16c:	5f6b7361 	svcpl	0x006b7361
 170:	6e6e7572 	mcrvs	5, 3, r7, cr14, cr2, {3}
 174:	00676e69 	rsbeq	r6, r7, r9, ror #28
 178:	6365725f 	cmnvs	r5, #-268435451	; 0xf0000005
 17c:	72656b5f 	rsbvc	r6, r5, #97280	; 0x17c00
 180:	006c656e 	rsbeq	r6, ip, lr, ror #10
 184:	64616572 	strbtvs	r6, [r1], #-1394	; 0xfffffa8e
 188:	6972775f 	ldmdbvs	r2!, {r0, r1, r2, r3, r4, r6, r8, r9, sl, ip, sp, lr}^
 18c:	72006574 	andvc	r6, r0, #116, 10	; 0x1d000000
 190:	5f646165 	svcpl	0x00646165
 194:	67676f74 			; <UNDEFINED> instruction: 0x67676f74
 198:	7300656c 	movwvc	r6, #1388	; 0x56c
 19c:	742f6372 	strtvc	r6, [pc], #-882	; 1a4 <TAREA_IDLE_IRQ_STACK_SIZE+0xa4>
 1a0:	736b7361 	cmnvc	fp, #-2080374783	; 0x84000001
 1a4:	65725f2f 	ldrbvs	r5, [r2, #-3887]!	; 0xfffff0d1
 1a8:	656b5f63 	strbvs	r5, [fp, #-3939]!	; 0xfffff09d
 1ac:	6c656e72 	stclvs	14, cr6, [r5], #-456	; 0xfffffe38
 1b0:	7500632e 	strvc	r6, [r0, #-814]	; 0xfffffcd2
 1b4:	33746e69 	cmncc	r4, #1680	; 0x690
 1b8:	00745f32 	rsbseq	r5, r4, r2, lsr pc
 1bc:	65686373 	strbvs	r6, [r8, #-883]!	; 0xfffffc8d
 1c0:	656c7564 	strbvs	r7, [ip, #-1380]!	; 0xfffffa9c
 1c4:	74735f72 	ldrbtvc	r5, [r3], #-3954	; 0xfffff08e
 1c8:	74637572 	strbtvc	r7, [r3], #-1394	; 0xfffffa8e
 1cc:	68637300 	stmdavs	r3!, {r8, r9, ip, sp, lr}^
 1d0:	74006d5f 	strvc	r6, [r0], #-3423	; 0xfffff2a1
 1d4:	736b6369 	cmnvc	fp, #-1543503871	; 0xa4000001
 1d8:	6578655f 	ldrbvs	r6, [r8, #-1375]!	; 0xfffffaa1
 1dc:	72730063 	rsbsvc	r0, r3, #99	; 0x63
 1e0:	61742f63 	cmnvs	r4, r3, ror #30
 1e4:	2f736b73 	svccs	0x00736b73
 1e8:	6b736174 	blvs	1cd87c0 <_tarea_1_stack_phy_size_+0x1cd7a40>
 1ec:	632e335f 			; <UNDEFINED> instruction: 0x632e335f
 1f0:	73617400 	cmnvc	r1, #0, 8
 1f4:	00335f6b 	eorseq	r5, r3, fp, ror #30
 1f8:	656d6954 	strbvs	r6, [sp, #-2388]!	; 0xfffff6ac
 1fc:	494d3272 	stmdbmi	sp, {r1, r4, r5, r6, r9, ip, sp}^
 200:	69540053 	ldmdbvs	r4, {r0, r1, r4, r6}^
 204:	3172656d 	cmncc	r2, sp, ror #10
 208:	64616f4c 	strbtvs	r6, [r1], #-3916	; 0xfffff0b4
 20c:	6d695400 	cfstrdvs	mvd5, [r9, #-0]
 210:	43327265 	teqmi	r2, #1342177286	; 0x50000006
 214:	006c7274 	rsbeq	r7, ip, r4, ror r2
 218:	6c654350 	stclvs	3, cr4, [r5], #-320	; 0xfffffec0
 21c:	0044496c 	subeq	r4, r4, ip, ror #18
 220:	72737073 	rsbsvc	r7, r3, #115	; 0x73
 224:	6d695400 	cfstrdvs	mvd5, [r9, #-0]
 228:	52317265 	eorspl	r7, r1, #1342177286	; 0x50000006
 22c:	5f005349 	svcpl	0x00005349
 230:	63636967 	cmnvs	r3, #1687552	; 0x19c000
 234:	4500745f 	strmi	r7, [r0, #-1119]	; 0xfffffba1
 238:	0052494f 	subseq	r4, r2, pc, asr #18
 23c:	746e6975 	strbtvc	r6, [lr], #-2421	; 0xfffff68b
 240:	00745f38 	rsbseq	r5, r4, r8, lsr pc
 244:	69726550 	ldmdbvs	r2!, {r4, r6, r8, sl, sp, lr}^
 248:	44496870 	strbmi	r6, [r9], #-2160	; 0xfffff790
 24c:	6d695400 	cfstrdvs	mvd5, [r9, #-0]
 250:	56317265 	ldrtpl	r7, [r1], -r5, ror #4
 254:	65756c61 	ldrbvs	r6, [r5, #-3169]!	; 0xfffff39f
 258:	43494700 	movtmi	r4, #38656	; 0x9700
 25c:	72003043 	andvc	r3, r0, #67	; 0x43
 260:	72657365 	rsbvc	r7, r5, #-1811939327	; 0x94000001
 264:	30646576 	rsbcc	r6, r4, r6, ror r5
 268:	73657200 	cmnvc	r5, #0, 4
 26c:	65767265 	ldrbvs	r7, [r6, #-613]!	; 0xfffffd9b
 270:	54003164 	strpl	r3, [r0], #-356	; 0xfffffe9c
 274:	72656d69 	rsbvc	r6, r5, #6720	; 0x1a40
 278:	746e4932 	strbtvc	r4, [lr], #-2354	; 0xfffff6ce
 27c:	00726c43 	rsbseq	r6, r2, r3, asr #24
 280:	656d6954 	strbvs	r6, [sp, #-2388]!	; 0xfffff6ac
 284:	6f4c3272 	svcvs	0x004c3272
 288:	54006461 	strpl	r6, [r0], #-1121	; 0xfffffb9f
 28c:	72656d69 	rsbvc	r6, r5, #6720	; 0x1a40
 290:	53495232 	movtpl	r5, #37426	; 0x9232
 294:	69745f00 	ldmdbvs	r4!, {r8, r9, sl, fp, ip, lr}^
 298:	5f72656d 	svcpl	0x0072656d
 29c:	685f0074 	ldmdavs	pc, {r2, r4, r5, r6}^	; <UNPREDICTABLE>
 2a0:	6c646e61 	stclvs	14, cr6, [r4], #-388	; 0xfffffe7c
 2a4:	695f7265 	ldmdbvs	pc, {r0, r2, r5, r6, r9, ip, sp, lr}^	; <UNPREDICTABLE>
 2a8:	54007172 	strpl	r7, [r0], #-370	; 0xfffffe8e
 2ac:	72656d69 	rsbvc	r6, r5, #6720	; 0x1a40
 2b0:	52435449 	subpl	r5, r3, #1224736768	; 0x49000000
 2b4:	50504800 	subspl	r4, r0, r0, lsl #16
 2b8:	72005249 	andvc	r5, r0, #-1879048188	; 0x90000004
 2bc:	72657365 	rsbvc	r7, r5, #-1811939327	; 0x94000001
 2c0:	32646576 	rsbcc	r6, r4, #494927872	; 0x1d800000
 2c4:	78746300 	ldmdavc	r4!, {r8, r9, sp, lr}^
 2c8:	7300745f 	movwvc	r7, #1119	; 0x45f
 2cc:	692f6372 	stmdbvs	pc!, {r1, r4, r5, r6, r8, r9, sp, lr}	; <UNPREDICTABLE>
 2d0:	652f7172 	strvs	r7, [pc, #-370]!	; 166 <TAREA_IDLE_IRQ_STACK_SIZE+0x66>
 2d4:	70656378 	rsbvc	r6, r5, r8, ror r3
 2d8:	6e6f6974 			; <UNDEFINED> instruction: 0x6e6f6974
 2dc:	6e61685f 	mcrvs	8, 3, r6, cr1, cr15, {2}
 2e0:	72656c64 	rsbvc	r6, r5, #100, 24	; 0x6400
 2e4:	5400632e 	strpl	r6, [r0], #-814	; 0xfffffcd2
 2e8:	72656d69 	rsbvc	r6, r5, #6720	; 0x1a40
 2ec:	72744331 	rsbsvc	r4, r4, #-1006632960	; 0xc4000000
 2f0:	6954006c 	ldmdbvs	r4, {r2, r3, r5, r6}^
 2f4:	4972656d 	ldmdbmi	r2!, {r0, r2, r3, r5, r6, r8, sl, sp, lr}^
 2f8:	00504f54 	subseq	r4, r0, r4, asr pc
 2fc:	656d6954 	strbvs	r6, [sp, #-2388]!	; 0xfffff6ac
 300:	494d3172 	stmdbmi	sp, {r1, r4, r5, r6, r8, ip, sp}^
 304:	69540053 	ldmdbvs	r4, {r0, r1, r4, r6}^
 308:	3272656d 	rsbscc	r6, r2, #457179136	; 0x1b400000
 30c:	756c6156 	strbvc	r6, [ip, #-342]!	; 0xfffffeaa
 310:	69540065 	ldmdbvs	r4, {r0, r2, r5, r6}^
 314:	3172656d 	cmncc	r2, sp, ror #10
 318:	6f4c4742 	svcvs	0x004c4742
 31c:	54006461 	strpl	r6, [r0], #-1121	; 0xfffffb9f
 320:	72656d69 	rsbvc	r6, r5, #6720	; 0x1a40
 324:	4c474232 	sfmmi	f4, 2, [r7], {50}	; 0x32
 328:	0064616f 	rsbeq	r6, r4, pc, ror #2
 32c:	656d6954 	strbvs	r6, [sp, #-2388]!	; 0xfffff6ac
 330:	6e493172 	mcrvs	1, 2, r3, cr9, cr2, {3}
 334:	726c4374 	rsbvc	r4, ip, #116, 6	; 0xd0000001
 338:	4d495400 	cfstrdmi	mvd5, [r9, #-0]
 33c:	00305245 	eorseq	r5, r0, r5, asr #4
 340:	524c5443 	subpl	r5, ip, #1124073472	; 0x43000000
 344:	6e616300 	cdpvs	3, 6, cr6, cr1, cr0, {0}
 348:	69745f74 	ldmdbvs	r4!, {r2, r4, r5, r6, r8, r9, sl, fp, ip, lr}^
 34c:	00736b63 	rsbseq	r6, r3, r3, ror #22
 350:	5f626374 	svcpl	0x00626374
 354:	70730074 	rsbsvc	r0, r3, r4, ror r0
 358:	6376735f 	cmnvs	r6, #2080374785	; 0x7c000001
 35c:	62637400 	rsbvs	r7, r3, #0, 8
 360:	7361745f 	cmnvc	r1, #1593835520	; 0x5f000000
 364:	7300736b 	movwvc	r7, #875	; 0x36b
 368:	72695f70 	rsbvc	r5, r9, #112, 30	; 0x1c0
 36c:	74700071 	ldrbtvc	r0, [r0], #-113	; 0xffffff8f
 370:	61745f72 	cmnvs	r4, r2, ror pc
 374:	73006b73 	movwvc	r6, #2931	; 0xb73
 378:	64656863 	strbtvs	r6, [r5], #-2147	; 0xfffff79d
 37c:	72656c75 	rsbvc	r6, r5, #29952	; 0x7500
 380:	63727300 	cmnvs	r2, #0, 6
 384:	6863732f 	stmdavs	r3!, {r0, r1, r2, r3, r5, r8, r9, ip, sp, lr}^
 388:	6c756465 	cfldrdvs	mvd6, [r5], #-404	; 0xfffffe6c
 38c:	732f7265 			; <UNDEFINED> instruction: 0x732f7265
 390:	64656863 	strbtvs	r6, [r5], #-2147	; 0xfffff79d
 394:	72656c75 	rsbvc	r6, r5, #29952	; 0x7500
 398:	6e616d5f 	mcrvs	13, 3, r6, cr1, cr15, {2}
 39c:	72656761 	rsbvc	r6, r5, #25427968	; 0x1840000
 3a0:	7300632e 	movwvc	r6, #814	; 0x32e
 3a4:	73755f70 	cmnvc	r5, #112, 30	; 0x1c0
 3a8:	54540072 	ldrbpl	r0, [r4], #-114	; 0xffffff8e
 3ac:	00305242 	eorseq	r5, r0, r2, asr #4
 3b0:	6b736174 	blvs	1cd8988 <_tarea_1_stack_phy_size_+0x1cd7c08>
 3b4:	0064695f 	rsbeq	r6, r4, pc, asr r9
 3b8:	75746361 	ldrbvc	r6, [r4, #-865]!	; 0xfffffc9f
 3bc:	735f6c61 	cmpvc	pc, #24832	; 0x6100
 3c0:	56530070 			; <UNDEFINED> instruction: 0x56530070
 3c4:	50535f43 	subspl	r5, r3, r3, asr #30
 3c8:	625f5f00 	subsvs	r5, pc, #0, 30
 3cc:	6472616f 	ldrbtvs	r6, [r2], #-367	; 0xfffffe91
 3d0:	696e695f 	stmdbvs	lr!, {r0, r1, r2, r3, r4, r6, r8, fp, sp, lr}^
 3d4:	545f0074 	ldrbpl	r0, [pc], #-116	; 3dc <TAREA_IDLE_IRQ_STACK_SIZE+0x2dc>
 3d8:	5f4b5341 	svcpl	0x004b5341
 3dc:	45525f31 	ldrbmi	r5, [r2, #-3889]	; 0xfffff0cf
 3e0:	565f4441 	ldrbpl	r4, [pc], -r1, asr #8
 3e4:	5f00414d 	svcpl	0x0000414d
 3e8:	7261745f 	rsbvc	r7, r1, #1593835520	; 0x5f000000
 3ec:	325f6165 	subscc	r6, pc, #1073741849	; 0x40000019
 3f0:	7461645f 	strbtvc	r6, [r1], #-1119	; 0xfffffba1
 3f4:	69735f61 	ldmdbvs	r3!, {r0, r5, r6, r8, r9, sl, fp, ip, lr}^
 3f8:	5f5f657a 	svcpl	0x005f657a
 3fc:	41545f00 	cmpmi	r4, r0, lsl #30
 400:	315f4b53 	cmpcc	pc, r3, asr fp	; <UNPREDICTABLE>
 404:	5353425f 	cmppl	r3, #-268435451	; 0xf0000005
 408:	5948505f 	stmdbpl	r8, {r0, r1, r2, r3, r4, r6, ip, lr}^
 40c:	41545f00 	cmpmi	r4, r0, lsl #30
 410:	315f4b53 	cmpcc	pc, r3, asr fp	; <UNPREDICTABLE>
 414:	4145525f 	cmpmi	r5, pc, asr r2
 418:	52415f44 	subpl	r5, r1, #68, 30	; 0x110
 41c:	505f4145 	subspl	r4, pc, r5, asr #2
 420:	5f005948 	svcpl	0x00005948
 424:	4b534154 	blmi	14d097c <_tarea_1_stack_phy_size_+0x14cfbfc>
 428:	445f315f 	ldrbmi	r3, [pc], #-351	; 430 <IRQ_STACK_SIZE+0x30>
 42c:	5f415441 	svcpl	0x00415441
 430:	00414d56 	subeq	r4, r1, r6, asr sp
 434:	5241545f 	subpl	r5, r1, #1593835520	; 0x5f000000
 438:	315f4145 	cmpcc	pc, r5, asr #2
 43c:	444f525f 	strbmi	r5, [pc], #-607	; 444 <IRQ_STACK_SIZE+0x44>
 440:	5f415441 	svcpl	0x00415441
 444:	00414d4c 	subeq	r4, r1, ip, asr #26
 448:	5341545f 	movtpl	r5, #5215	; 0x145f
 44c:	5f325f4b 	svcpl	0x00325f4b
 450:	5f535342 	svcpl	0x00535342
 454:	00594850 	subseq	r4, r9, r0, asr r8
 458:	5241545f 	subpl	r5, r1, #1593835520	; 0x5f000000
 45c:	325f4145 	subscc	r4, pc, #1073741841	; 0x40000011
 460:	5353425f 	cmppl	r3, #-268435451	; 0xf0000005
 464:	414d4c5f 	cmpmi	sp, pc, asr ip
 468:	41545f00 	cmpmi	r4, r0, lsl #30
 46c:	325f4b53 	subscc	r4, pc, #84992	; 0x14c00
 470:	5353425f 	cmppl	r3, #-268435451	; 0xf0000005
 474:	414d565f 	cmpmi	sp, pc, asr r6
 478:	41545f00 	cmpmi	r4, r0, lsl #30
 47c:	325f4b53 	subscc	r4, pc, #84992	; 0x14c00
 480:	4145525f 	cmpmi	r5, pc, asr r2
 484:	4d565f44 	ldclmi	15, cr5, [r6, #-272]	; 0xfffffef0
 488:	545f0041 	ldrbpl	r0, [pc], #-65	; 490 <IRQ_STACK_SIZE+0x90>
 48c:	5f4b5341 	svcpl	0x004b5341
 490:	58545f31 	ldmdapl	r4, {r0, r4, r5, r8, r9, sl, fp, ip, lr}^
 494:	48505f54 	ldmdami	r0, {r2, r4, r6, r8, r9, sl, fp, ip, lr}^
 498:	545f0059 	ldrbpl	r0, [pc], #-89	; 4a0 <IRQ_STACK_SIZE+0xa0>
 49c:	5f4b5341 	svcpl	0x004b5341
 4a0:	58545f32 	ldmdapl	r4, {r1, r4, r5, r8, r9, sl, fp, ip, lr}^
 4a4:	48505f54 	ldmdami	r0, {r2, r4, r6, r8, r9, sl, fp, ip, lr}^
 4a8:	545f0059 	ldrbpl	r0, [pc], #-89	; 4b0 <IRQ_STACK_SIZE+0xb0>
 4ac:	5f4b5341 	svcpl	0x004b5341
 4b0:	4f525f31 	svcmi	0x00525f31
 4b4:	41544144 	cmpmi	r4, r4, asr #2
 4b8:	5948505f 	stmdbpl	r8, {r0, r1, r2, r3, r4, r6, ip, lr}^
 4bc:	41545f00 	cmpmi	r4, r0, lsl #30
 4c0:	325f4b53 	subscc	r4, pc, #84992	; 0x14c00
 4c4:	4154535f 	cmpmi	r4, pc, asr r3
 4c8:	565f4b43 	ldrbpl	r4, [pc], -r3, asr #22
 4cc:	5f00414d 	svcpl	0x0000414d
 4d0:	7261745f 	rsbvc	r7, r1, #1593835520	; 0x5f000000
 4d4:	315f6165 	cmpcc	pc, r5, ror #2
 4d8:	646f725f 	strbtvs	r7, [pc], #-607	; 4e0 <IRQ_STACK_SIZE+0xe0>
 4dc:	5f617461 	svcpl	0x00617461
 4e0:	657a6973 	ldrbvs	r6, [sl, #-2419]!	; 0xfffff68d
 4e4:	5f005f5f 	svcpl	0x00005f5f
 4e8:	7261745f 	rsbvc	r7, r1, #1593835520	; 0x5f000000
 4ec:	315f6165 	cmpcc	pc, r5, ror #2
 4f0:	7478745f 	ldrbtvc	r7, [r8], #-1119	; 0xfffffba1
 4f4:	7a69735f 	bvc	1a5d278 <_tarea_1_stack_phy_size_+0x1a5c4f8>
 4f8:	005f5f65 	subseq	r5, pc, r5, ror #30
 4fc:	5f6d756e 	svcpl	0x006d756e
 500:	6c626174 	stfvse	f6, [r2], #-464	; 0xfffffe30
 504:	00325f65 	eorseq	r5, r2, r5, ror #30
 508:	5341545f 	movtpl	r5, #5215	; 0x145f
 50c:	5f315f4b 	svcpl	0x00315f4b
 510:	54584554 	ldrbpl	r4, [r8], #-1364	; 0xfffffaac
 514:	414d565f 	cmpmi	sp, pc, asr r6
 518:	745f5f00 	ldrbvc	r5, [pc], #-3840	; 520 <IRQ_STACK_SIZE+0x120>
 51c:	61657261 	cmnvs	r5, r1, ror #4
 520:	745f325f 	ldrbvc	r3, [pc], #-607	; 528 <IRQ_STACK_SIZE+0x128>
 524:	735f7478 	cmpvc	pc, #120, 8	; 0x78000000
 528:	5f657a69 	svcpl	0x00657a69
 52c:	5f5f005f 	svcpl	0x005f005f
 530:	65726174 	ldrbvs	r6, [r2, #-372]!	; 0xfffffe8c
 534:	5f325f61 	svcpl	0x00325f61
 538:	5f737362 	svcpl	0x00737362
 53c:	657a6973 	ldrbvs	r6, [sl, #-2419]!	; 0xfffff68d
 540:	5f005f5f 	svcpl	0x00005f5f
 544:	4b534154 	blmi	14d0a9c <_tarea_1_stack_phy_size_+0x14cfd1c>
 548:	445f325f 	ldrbmi	r3, [pc], #-607	; 550 <IRQ_STACK_SIZE+0x150>
 54c:	5f415441 	svcpl	0x00415441
 550:	00414d56 	subeq	r4, r1, r6, asr sp
 554:	4c44495f 	mcrrmi	9, 5, r4, r4, cr15	; <UNPREDICTABLE>
 558:	58545f45 	ldmdapl	r4, {r0, r2, r6, r8, r9, sl, fp, ip, lr}^
 55c:	4d565f54 	ldclmi	15, cr5, [r6, #-336]	; 0xfffffeb0
 560:	545f0041 	ldrbpl	r0, [pc], #-65	; 568 <IRQ_STACK_SIZE+0x168>
 564:	5f4b5341 	svcpl	0x004b5341
 568:	54535f32 	ldrbpl	r5, [r3], #-3890	; 0xfffff0ce
 56c:	5f4b4341 	svcpl	0x004b4341
 570:	54494e49 	strbpl	r4, [r9], #-3657	; 0xfffff1b7
 574:	5948505f 	stmdbpl	r8, {r0, r1, r2, r3, r4, r6, ip, lr}^
 578:	41545f00 	cmpmi	r4, r0, lsl #30
 57c:	315f4b53 	cmpcc	pc, r3, asr fp	; <UNPREDICTABLE>
 580:	5441445f 	strbpl	r4, [r1], #-1119	; 0xfffffba1
 584:	48505f41 	ldmdami	r0, {r0, r6, r8, r9, sl, fp, ip, lr}^
 588:	545f0059 	ldrbpl	r0, [pc], #-89	; 590 <IRQ_STACK_SIZE+0x190>
 58c:	41455241 	cmpmi	r5, r1, asr #4
 590:	445f315f 	ldrbmi	r3, [pc], #-351	; 598 <IRQ_STACK_SIZE+0x198>
 594:	5f415441 	svcpl	0x00415441
 598:	00414d4c 	subeq	r4, r1, ip, asr #26
 59c:	64695f5f 	strbtvs	r5, [r9], #-3935	; 0xfffff0a1
 5a0:	735f656c 	cmpvc	pc, #108, 10	; 0x1b000000
 5a4:	5f657a69 	svcpl	0x00657a69
 5a8:	545f005f 	ldrbpl	r0, [pc], #-95	; 5b0 <IRQ_STACK_SIZE+0x1b0>
 5ac:	5f4b5341 	svcpl	0x004b5341
 5b0:	53425f31 	movtpl	r5, #12081	; 0x2f31
 5b4:	4d565f53 	ldclmi	15, cr5, [r6, #-332]	; 0xfffffeb4
 5b8:	545f0041 	ldrbpl	r0, [pc], #-65	; 5c0 <IRQ_STACK_SIZE+0x1c0>
 5bc:	41455241 	cmpmi	r5, r1, asr #4
 5c0:	425f315f 	subsmi	r3, pc, #-1073741801	; 0xc0000017
 5c4:	4c5f5353 	mrrcmi	3, 5, r5, pc, cr3	; <UNPREDICTABLE>
 5c8:	5f00414d 	svcpl	0x0000414d
 5cc:	65726174 	ldrbvs	r6, [r2, #-372]!	; 0xfffffe8c
 5d0:	5f315f61 	svcpl	0x00315f61
 5d4:	63617473 	cmnvs	r1, #1929379840	; 0x73000000
 5d8:	69735f6b 	ldmdbvs	r3!, {r0, r1, r3, r5, r6, r8, r9, sl, fp, ip, lr}^
 5dc:	005f657a 	subseq	r6, pc, sl, ror r5	; <UNPREDICTABLE>
 5e0:	4c44495f 	mcrrmi	9, 5, r4, r4, cr15	; <UNPREDICTABLE>
 5e4:	58545f45 	ldmdapl	r4, {r0, r2, r6, r8, r9, sl, fp, ip, lr}^
 5e8:	4d4c5f54 	stclmi	15, cr5, [ip, #-336]	; 0xfffffeb0
 5ec:	5f5f0041 	svcpl	0x005f0041
 5f0:	65726174 	ldrbvs	r6, [r2, #-372]!	; 0xfffffe8c
 5f4:	5f315f61 	svcpl	0x00315f61
 5f8:	5f737362 	svcpl	0x00737362
 5fc:	657a6973 	ldrbvs	r6, [sl, #-2419]!	; 0xfffff68d
 600:	5f005f5f 	svcpl	0x00005f5f
 604:	45524154 	ldrbmi	r4, [r2, #-340]	; 0xfffffeac
 608:	5f315f41 	svcpl	0x00315f41
 60c:	5f545854 	svcpl	0x00545854
 610:	00414d4c 	subeq	r4, r1, ip, asr #26
 614:	61745f5f 	cmnvs	r4, pc, asr pc
 618:	5f616572 	svcpl	0x00616572
 61c:	6f725f32 	svcvs	0x00725f32
 620:	61746164 	cmnvs	r4, r4, ror #2
 624:	7a69735f 	bvc	1a5d3a8 <_tarea_1_stack_phy_size_+0x1a5c628>
 628:	005f5f65 	subseq	r5, pc, r5, ror #30
 62c:	5241545f 	subpl	r5, r1, #1593835520	; 0x5f000000
 630:	325f4145 	subscc	r4, pc, #1073741841	; 0x40000011
 634:	5458545f 	ldrbpl	r5, [r8], #-1119	; 0xfffffba1
 638:	414d4c5f 	cmpmi	sp, pc, asr ip
 63c:	41545f00 	cmpmi	r4, r0, lsl #30
 640:	325f4b53 	subscc	r4, pc, #84992	; 0x14c00
 644:	444f525f 	strbmi	r5, [pc], #-607	; 64c <IRQ_STACK_SIZE+0x24c>
 648:	5f415441 	svcpl	0x00415441
 64c:	00594850 	subseq	r4, r9, r0, asr r8
 650:	5341545f 	movtpl	r5, #5215	; 0x145f
 654:	5f325f4b 	svcpl	0x00325f4b
 658:	54584554 	ldrbpl	r4, [r8], #-1364	; 0xfffffaac
 65c:	414d565f 	cmpmi	sp, pc, asr r6
 660:	745f5f00 	ldrbvc	r5, [pc], #-3840	; 668 <IRQ_STACK_SIZE+0x268>
 664:	61657261 	cmnvs	r5, r1, ror #4
 668:	645f315f 	ldrbvs	r3, [pc], #-351	; 670 <IRQ_STACK_SIZE+0x270>
 66c:	5f617461 	svcpl	0x00617461
 670:	657a6973 	ldrbvs	r6, [sl, #-2419]!	; 0xfffff68d
 674:	5f005f5f 	svcpl	0x00005f5f
 678:	4b534154 	blmi	14d0bd0 <_tarea_1_stack_phy_size_+0x14cfe50>
 67c:	525f325f 	subspl	r3, pc, #-268435451	; 0xf0000005
 680:	5f444145 	svcpl	0x00444145
 684:	41455241 	cmpmi	r5, r1, asr #4
 688:	5948505f 	stmdbpl	r8, {r0, r1, r2, r3, r4, r6, ip, lr}^
 68c:	41545f00 	cmpmi	r4, r0, lsl #30
 690:	5f414552 	svcpl	0x00414552
 694:	4f525f32 	svcmi	0x00525f32
 698:	41544144 	cmpmi	r4, r4, asr #2
 69c:	414d4c5f 	cmpmi	sp, pc, asr ip
 6a0:	63727300 	cmnvs	r2, #0, 6
 6a4:	72656b2f 	rsbvc	r6, r5, #48128	; 0xbc00
 6a8:	2f6c656e 	svccs	0x006c656e
 6ac:	72616f62 	rsbvc	r6, r1, #392	; 0x188
 6b0:	6e695f64 	cdpvs	15, 6, cr5, cr9, cr4, {3}
 6b4:	632e7469 			; <UNDEFINED> instruction: 0x632e7469
 6b8:	61745f00 	cmnvs	r4, r0, lsl #30
 6bc:	5f616572 	svcpl	0x00616572
 6c0:	74735f32 	ldrbtvc	r5, [r3], #-3890	; 0xfffff0ce
 6c4:	5f6b6361 	svcpl	0x006b6361
 6c8:	657a6973 	ldrbvs	r6, [sl, #-2419]!	; 0xfffff68d
 6cc:	545f005f 	ldrbpl	r0, [pc], #-95	; 6d4 <IRQ_STACK_SIZE+0x2d4>
 6d0:	5f4b5341 	svcpl	0x004b5341
 6d4:	54535f31 	ldrbpl	r5, [r3], #-3889	; 0xfffff0cf
 6d8:	5f4b4341 	svcpl	0x004b4341
 6dc:	54494e49 	strbpl	r4, [r9], #-3657	; 0xfffff1b7
 6e0:	5948505f 	stmdbpl	r8, {r0, r1, r2, r3, r4, r6, ip, lr}^
 6e4:	41545f00 	cmpmi	r4, r0, lsl #30
 6e8:	325f4b53 	subscc	r4, pc, #84992	; 0x14c00
 6ec:	5441445f 	strbpl	r4, [r1], #-1119	; 0xfffffba1
 6f0:	48505f41 	ldmdami	r0, {r0, r6, r8, r9, sl, fp, ip, lr}^
 6f4:	495f0059 	ldmdbmi	pc, {r0, r3, r4, r6}^	; <UNPREDICTABLE>
 6f8:	5f454c44 	svcpl	0x00454c44
 6fc:	5f545854 	svcpl	0x00545854
 700:	00594850 	subseq	r4, r9, r0, asr r8
 704:	5241545f 	subpl	r5, r1, #1593835520	; 0x5f000000
 708:	325f4145 	subscc	r4, pc, #1073741841	; 0x40000011
 70c:	5441445f 	strbpl	r4, [r1], #-1119	; 0xfffffba1
 710:	4d4c5f41 	stclmi	15, cr5, [ip, #-260]	; 0xfffffefc
 714:	545f0041 	ldrbpl	r0, [pc], #-65	; 71c <IRQ_STACK_SIZE+0x31c>
 718:	5f4b5341 	svcpl	0x004b5341
 71c:	54535f31 	ldrbpl	r5, [r3], #-3889	; 0xfffff0cf
 720:	5f4b4341 	svcpl	0x004b4341
 724:	00414d56 	subeq	r4, r1, r6, asr sp
 728:	6570616d 	ldrbvs	r6, [r0, #-365]!	; 0xfffffe93
 72c:	6e65006f 	cdpvs	0, 6, cr0, cr5, cr15, {3}
 730:	64617274 	strbtvs	r7, [r1], #-628	; 0xfffffd8c
 734:	326c5f61 	rsbcc	r5, ip, #388	; 0x184
 738:	62617400 	rsbvs	r7, r1, #0, 8
 73c:	6c5f616c 	ldfvse	f6, [pc], {108}	; 0x6c
 740:	73615f32 	cmnvc	r1, #50, 30	; 0xc8
 744:	616e6769 	cmnvs	lr, r9, ror #14
 748:	74740072 	ldrbtvc	r0, [r4], #-114	; 0xffffff8e
 74c:	00307262 	eorseq	r7, r0, r2, ror #4
 750:	6c626174 	stfvse	f6, [r2], #-464	; 0xfffffe30
 754:	316c5f61 	cmncc	ip, r1, ror #30
 758:	616c6600 	cmnvs	ip, r0, lsl #12
 75c:	005f7367 	subseq	r7, pc, r7, ror #6
 760:	6c626174 	stfvse	f6, [r2], #-464	; 0xfffffe30
 764:	6c5f7361 	mrrcvs	3, 6, r7, pc, cr1	; <UNPREDICTABLE>
 768:	68700032 	ldmdavs	r0!, {r1, r4, r5}^
 76c:	64615f79 	strbtvs	r5, [r1], #-3961	; 0xfffff087
 770:	73657264 	cmnvc	r5, #100, 4	; 0x40000006
 774:	6e650073 	mcrvs	0, 3, r0, cr5, cr3, {3}
 778:	5f797274 	svcpl	0x00797274
 77c:	6500316c 	strvs	r3, [r0, #-364]	; 0xfffffe94
 780:	7972746e 	ldmdbvc	r2!, {r1, r2, r3, r5, r6, sl, ip, sp, lr}^
 784:	00326c5f 	eorseq	r6, r2, pc, asr ip
 788:	67616c66 	strbvs	r6, [r1, -r6, ror #24]!
 78c:	69760073 	ldmdbvs	r6!, {r0, r1, r4, r5, r6}^
 790:	64615f72 	strbtvs	r5, [r1], #-3954	; 0xfffff08e
 794:	73657264 	cmnvc	r5, #100, 4	; 0x40000006
 798:	75700073 	ldrbvc	r0, [r0, #-115]!	; 0xffffff8d
 79c:	7265746e 	rsbvc	r7, r5, #1845493760	; 0x6e000000
 7a0:	75615f6f 	strbvc	r5, [r1, #-3951]!	; 0xfffff091
 7a4:	5f700078 	svcpl	0x00700078
 7a8:	6c626174 	stfvse	f6, [r2], #-464	; 0xfffffe30
 7ac:	656c5f61 	strbvs	r5, [ip, #-3937]!	; 0xfffff09f
 7b0:	5f6c6576 	svcpl	0x006c6576
 7b4:	72730032 	rsbsvc	r0, r3, #50	; 0x32
 7b8:	6f622f63 	svcvs	0x00622f63
 7bc:	2f647261 	svccs	0x00647261
 7c0:	6570616d 	ldrbvs	r6, [r0, #-365]!	; 0xfffffe93
 7c4:	00632e6f 	rsbeq	r2, r3, pc, ror #28
 7c8:	5f716863 	svcpl	0x00716863
 7cc:	73006669 	movwvc	r6, #1641	; 0x669
 7d0:	622f6372 	eorvs	r6, pc, #-939524095	; 0xc8000001
 7d4:	6472616f 	ldrbtvs	r6, [r2], #-367	; 0xfffffe91
 7d8:	6d69742f 	cfstrdvs	mvd7, [r9, #-188]!	; 0xffffff44
 7dc:	632e7265 			; <UNDEFINED> instruction: 0x632e7265
 7e0:	745f5f00 	ldrbvc	r5, [pc], #-3840	; 7e8 <IRQ_STACK_SIZE+0x3e8>
 7e4:	72656d69 	rsbvc	r6, r5, #6720	; 0x1a40
 7e8:	696e695f 	stmdbvs	lr!, {r0, r1, r2, r3, r4, r6, r8, fp, sp, lr}^
 7ec:	65720074 	ldrbvs	r0, [r2, #-116]!	; 0xffffff8c
 7f0:	76726573 			; <UNDEFINED> instruction: 0x76726573
 7f4:	00386465 	eorseq	r6, r8, r5, ror #8
 7f8:	65736572 	ldrbvs	r6, [r3, #-1394]!	; 0xfffffa8e
 7fc:	64657672 	strbtvs	r7, [r5], #-1650	; 0xfffff98e
 800:	59540039 	ldmdbpl	r4, {r0, r3, r4, r5}^
 804:	00524550 	subseq	r4, r2, r0, asr r5
 808:	69675f5f 	stmdbvs	r7!, {r0, r1, r2, r3, r4, r6, r8, r9, sl, fp, ip, lr}^
 80c:	6e695f63 	cdpvs	15, 6, cr5, cr9, cr3, {3}
 810:	47007469 	strmi	r7, [r0, -r9, ror #8]
 814:	30444349 	subcc	r4, r4, r9, asr #6
 818:	46434900 	strbmi	r4, [r3], -r0, lsl #18
 81c:	49005247 	stmdbmi	r0, {r0, r1, r2, r6, r9, ip, lr}
 820:	4f495250 	svcmi	0x00495250
 824:	59544952 	ldmdbpl	r4, {r1, r4, r6, r8, fp, lr}^
 828:	675f0052 			; <UNDEFINED> instruction: 0x675f0052
 82c:	5f646369 	svcpl	0x00646369
 830:	53490074 	movtpl	r0, #36980	; 0x9074
 834:	42414e45 	submi	r4, r1, #1104	; 0x450
 838:	0052454c 	subseq	r4, r2, ip, asr #10
 83c:	4e454349 	cdpmi	3, 4, cr4, cr5, cr9, {2}
 840:	454c4241 	strbmi	r4, [ip, #-577]	; 0xfffffdbf
 844:	53490052 	movtpl	r0, #36946	; 0x9052
 848:	49544341 	ldmdbmi	r4, {r0, r6, r8, r9, lr}^
 84c:	00524556 	subseq	r4, r2, r6, asr r5
 850:	65736572 	ldrbvs	r6, [r3, #-1394]!	; 0xfffffa8e
 854:	64657672 	strbtvs	r7, [r5], #-1650	; 0xfffff98e
 858:	43490036 	movtmi	r0, #36918	; 0x9036
 85c:	444e4550 	strbmi	r4, [lr], #-1360	; 0xfffffab0
 860:	53490052 	movtpl	r0, #36946	; 0x9052
 864:	444e4550 	strbmi	r4, [lr], #-1360	; 0xfffffab0
 868:	54490052 	strbpl	r0, [r9], #-82	; 0xffffffae
 86c:	45475241 	strbmi	r5, [r7, #-577]	; 0xfffffdbf
 870:	00525354 	subseq	r5, r2, r4, asr r3
 874:	52494753 	subpl	r4, r9, #21757952	; 0x14c0000
 878:	73657200 	cmnvc	r5, #0, 4
 87c:	65767265 	ldrbvs	r7, [r6, #-613]!	; 0xfffffd9b
 880:	72003364 	andvc	r3, r0, #100, 6	; 0x90000001
 884:	72657365 	rsbvc	r7, r5, #-1811939327	; 0x94000001
 888:	34646576 	strbtcc	r6, [r4], #-1398	; 0xfffffa8a
 88c:	73657200 	cmnvc	r5, #0, 4
 890:	65767265 	ldrbvs	r7, [r6, #-613]!	; 0xfffffd9b
 894:	73003564 	movwvc	r3, #1380	; 0x564
 898:	622f6372 	eorvs	r6, pc, #-939524095	; 0xc8000001
 89c:	6472616f 	ldrbtvs	r6, [r2], #-367	; 0xfffffe91
 8a0:	6369672f 	cmnvs	r9, #12320768	; 0xbc0000
 8a4:	7200632e 	andvc	r6, r0, #-1207959552	; 0xb8000000
 8a8:	72657365 	rsbvc	r7, r5, #-1811939327	; 0x94000001
 8ac:	37646576 			; <UNDEFINED> instruction: 0x37646576
 8b0:	63727300 	cmnvs	r2, #0, 6
 8b4:	616f622f 	cmnvs	pc, pc, lsr #4
 8b8:	6d2f6472 	cfstrsvs	mvf6, [pc, #-456]!	; 6f8 <IRQ_STACK_SIZE+0x2f8>
 8bc:	6f636d65 	svcvs	0x00636d65
 8c0:	632e7970 			; <UNDEFINED> instruction: 0x632e7970
 8c4:	6d656d00 	stclvs	13, cr6, [r5, #-0]
 8c8:	79706f63 	ldmdbvc	r0!, {r0, r1, r5, r6, r8, r9, sl, fp, sp, lr}^
 8cc:	7a697300 	bvc	1a5d4d4 <_tarea_1_stack_phy_size_+0x1a5c754>
 8d0:	79625f65 	stmdbvc	r2!, {r0, r2, r5, r6, r8, r9, sl, fp, ip, lr}^
 8d4:	00736574 	rsbseq	r6, r3, r4, ror r5
 8d8:	6b736174 	blvs	1cd8eb0 <_tarea_1_stack_phy_size_+0x1cd8130>
 8dc:	705f325f 	subsvc	r3, pc, pc, asr r2	; <UNPREDICTABLE>
 8e0:	5f007274 	svcpl	0x00007274
 8e4:	4356535f 	cmpmi	r6, #2080374785	; 0x7c000001
 8e8:	5341545f 	movtpl	r5, #5215	; 0x145f
 8ec:	735f314b 	cmpvc	pc, #-1073741806	; 0xc0000012
 8f0:	6b636174 	blvs	18d8ec8 <_tarea_1_stack_phy_size_+0x18d8148>
 8f4:	706f745f 	rsbvc	r7, pc, pc, asr r4	; <UNPREDICTABLE>
 8f8:	73005f5f 	movwvc	r5, #3935	; 0xf5f
 8fc:	5f307270 	svcpl	0x00307270
 900:	70730030 	rsbsvc	r0, r3, r0, lsr r0
 904:	315f3072 	cmpcc	pc, r2, ror r0	; <UNPREDICTABLE>
 908:	72707300 	rsbsvc	r7, r0, #0, 6
 90c:	00325f30 	eorseq	r5, r2, r0, lsr pc
 910:	61745f5f 	cmnvs	r4, pc, asr pc
 914:	5f616572 	svcpl	0x00616572
 918:	73755f31 	cmnvc	r5, #49, 30	; 0xc4
 91c:	74735f72 	ldrbtvc	r5, [r3], #-3954	; 0xfffff08e
 920:	5f6b6361 	svcpl	0x006b6361
 924:	5f706f74 	svcpl	0x00706f74
 928:	5f616d76 	svcpl	0x00616d76
 92c:	5f5f005f 	svcpl	0x005f005f
 930:	5f515249 	svcpl	0x00515249
 934:	4b534154 	blmi	14d0e8c <_tarea_1_stack_phy_size_+0x14d010c>
 938:	74735f32 	ldrbtvc	r5, [r3], #-3890	; 0xfffff0ce
 93c:	5f6b6361 	svcpl	0x006b6361
 940:	5f706f74 	svcpl	0x00706f74
 944:	5f5f005f 	svcpl	0x005f005f
 948:	5f435653 	svcpl	0x00435653
 94c:	454c4449 	strbmi	r4, [ip, #-1097]	; 0xfffffbb7
 950:	6174735f 	cmnvs	r4, pc, asr r3
 954:	745f6b63 	ldrbvc	r6, [pc], #-2915	; 95c <IRQ_STACK_SIZE+0x55c>
 958:	5f5f706f 	svcpl	0x005f706f
 95c:	63727300 	cmnvs	r2, #0, 6
 960:	616f622f 	cmnvs	pc, pc, lsr #4
 964:	542f6472 	strtpl	r6, [pc], #-1138	; 96c <IRQ_STACK_SIZE+0x56c>
 968:	695f4243 	ldmdbvs	pc, {r0, r1, r6, r9, lr}^	; <UNPREDICTABLE>
 96c:	2e74696e 	vsubcs.f16	s13, s8, s29	; <UNPREDICTABLE>
 970:	43540063 	cmpmi	r4, #99	; 0x63
 974:	6e695f42 	cdpvs	15, 6, cr5, cr9, cr2, {2}
 978:	5f007469 	svcpl	0x00007469
 97c:	5152495f 	cmppl	r2, pc, asr r9
 980:	4c44495f 	mcrrmi	9, 5, r4, r4, cr15	; <UNPREDICTABLE>
 984:	74735f45 	ldrbtvc	r5, [r3], #-3909	; 0xfffff0bb
 988:	5f6b6361 	svcpl	0x006b6361
 98c:	5f706f74 	svcpl	0x00706f74
 990:	5653005f 			; <UNDEFINED> instruction: 0x5653005f
 994:	50535f43 	subspl	r5, r3, r3, asr #30
 998:	5f005253 	svcpl	0x00005253
 99c:	7261745f 	rsbvc	r7, r1, #1593835520	; 0x5f000000
 9a0:	325f6165 	subscc	r6, pc, #1073741849	; 0x40000019
 9a4:	7273755f 	rsbsvc	r7, r3, #398458880	; 0x17c00000
 9a8:	6174735f 	cmnvs	r4, pc, asr r3
 9ac:	745f6b63 	ldrbvc	r6, [pc], #-2915	; 9b4 <IRQ_STACK_SIZE+0x5b4>
 9b0:	765f706f 	ldrbvc	r7, [pc], -pc, rrx
 9b4:	5f5f616d 	svcpl	0x005f616d
 9b8:	495f5f00 	ldmdbmi	pc, {r8, r9, sl, fp, ip, lr}^	; <UNPREDICTABLE>
 9bc:	545f5152 	ldrbpl	r5, [pc], #-338	; 9c4 <IRQ_STACK_SIZE+0x5c4>
 9c0:	314b5341 	cmpcc	fp, r1, asr #6
 9c4:	6174735f 	cmnvs	r4, pc, asr r3
 9c8:	745f6b63 	ldrbvc	r6, [pc], #-2915	; 9d0 <IRQ_STACK_SIZE+0x5d0>
 9cc:	5f5f706f 	svcpl	0x005f706f
 9d0:	73617400 	cmnvc	r1, #0, 8
 9d4:	5f315f6b 	svcpl	0x00315f6b
 9d8:	00727470 	rsbseq	r7, r2, r0, ror r4
 9dc:	56535f5f 	usaxpl	r5, r3, pc	; <UNPREDICTABLE>
 9e0:	41545f43 	cmpmi	r4, r3, asr #30
 9e4:	5f324b53 	svcpl	0x00324b53
 9e8:	63617473 	cmnvs	r1, #1929379840	; 0x73000000
 9ec:	6f745f6b 	svcvs	0x00745f6b
 9f0:	005f5f70 	subseq	r5, pc, r0, ror pc	; <UNPREDICTABLE>
 9f4:	656c6469 	strbvs	r6, [ip, #-1129]!	; 0xfffffb97
 9f8:	7274705f 	rsbsvc	r7, r4, #95	; 0x5f
	...

Disassembly of section .comment:

00000000 <.comment>:
   0:	3a434347 	bcc	10d0d24 <_tarea_1_stack_phy_size_+0x10cffa4>
   4:	35312820 	ldrcc	r2, [r1, #-2080]!	; 0xfffff7e0
   8:	2e30313a 	mrccs	1, 1, r3, cr0, cr10, {1}
   c:	30322d33 	eorscc	r2, r2, r3, lsr sp
  10:	302e3132 	eorcc	r3, lr, r2, lsr r1
  14:	29342d37 	ldmdbcs	r4!, {r0, r1, r2, r4, r5, r8, sl, fp, sp}
  18:	2e303120 	rsfcssp	f3, f0, f0
  1c:	20312e33 	eorscs	r2, r1, r3, lsr lr
  20:	31323032 	teqcc	r2, r2, lsr r0
  24:	31323630 	teqcc	r2, r0, lsr r6
  28:	65722820 	ldrbvs	r2, [r2, #-2080]!	; 0xfffff7e0
  2c:	7361656c 	cmnvc	r1, #108, 10	; 0x1b000000
  30:	Address 0x0000000000000030 is out of bounds.


Disassembly of section .ARM.attributes:

00000000 <.ARM.attributes>:
   0:	00003441 	andeq	r3, r0, r1, asr #8
   4:	61656100 	cmnvs	r5, r0, lsl #2
   8:	01006962 	tsteq	r0, r2, ror #18
   c:	0000002a 	andeq	r0, r0, sl, lsr #32
  10:	412d3705 			; <UNDEFINED> instruction: 0x412d3705
  14:	070a0600 	streq	r0, [sl, -r0, lsl #12]
  18:	09010841 	stmdbeq	r1, {r0, r6, fp}
  1c:	0c030a02 			; <UNDEFINED> instruction: 0x0c030a02
  20:	14041201 	strne	r1, [r4], #-513	; 0xfffffdff
  24:	17011501 	strne	r1, [r1, -r1, lsl #10]
  28:	1a011803 	bne	4603c <_tarea_1_stack_phy_size_+0x452bc>
  2c:	1e011c01 	cdpne	12, 0, cr1, cr1, cr1, {0}
  30:	44012206 	strmi	r2, [r1], #-518	; 0xfffffdfa
  34:	Address 0x0000000000000034 is out of bounds.


Disassembly of section .debug_frame:

00000000 <.debug_frame>:
   0:	0000000c 	andeq	r0, r0, ip
   4:	ffffffff 			; <UNDEFINED> instruction: 0xffffffff
   8:	7c020001 	stcvc	0, cr0, [r2], {1}
   c:	000d0c0e 	andeq	r0, sp, lr, lsl #24
  10:	00000014 	andeq	r0, r0, r4, lsl r0
  14:	00000000 	andeq	r0, r0, r0
  18:	70f50000 	rscsvc	r0, r5, r0
  1c:	00000010 	andeq	r0, r0, r0, lsl r0
  20:	8b040e42 	blhi	103930 <_tarea_1_stack_phy_size_+0x102bb0>
  24:	0b0d4201 	bleq	350830 <_tarea_1_stack_phy_size_+0x34fab0>
  28:	0000000c 	andeq	r0, r0, ip
  2c:	ffffffff 			; <UNDEFINED> instruction: 0xffffffff
  30:	7c020001 	stcvc	0, cr0, [r2], {1}
  34:	000d0c0e 	andeq	r0, sp, lr, lsl #24
  38:	00000014 	andeq	r0, r0, r4, lsl r0
  3c:	00000028 	andeq	r0, r0, r8, lsr #32
  40:	70f40000 	rscsvc	r0, r4, r0
  44:	00000010 	andeq	r0, r0, r0, lsl r0
  48:	8b040e42 	blhi	103958 <_tarea_1_stack_phy_size_+0x102bd8>
  4c:	0b0d4201 	bleq	350858 <_tarea_1_stack_phy_size_+0x34fad8>
  50:	0000000c 	andeq	r0, r0, ip
  54:	ffffffff 			; <UNDEFINED> instruction: 0xffffffff
  58:	7c020001 	stcvc	0, cr0, [r2], {1}
  5c:	000d0c0e 	andeq	r0, sp, lr, lsl #24
  60:	00000014 	andeq	r0, r0, r4, lsl r0
  64:	00000050 	andeq	r0, r0, r0, asr r0
  68:	70040000 	andvc	r0, r4, r0
  6c:	00000010 	andeq	r0, r0, r0, lsl r0
  70:	8b040e42 	blhi	103980 <_tarea_1_stack_phy_size_+0x102c00>
  74:	0b0d4201 	bleq	350880 <_tarea_1_stack_phy_size_+0x34fb00>
  78:	0000000c 	andeq	r0, r0, ip
  7c:	ffffffff 			; <UNDEFINED> instruction: 0xffffffff
  80:	7c020001 	stcvc	0, cr0, [r2], {1}
  84:	000d0c0e 	andeq	r0, sp, lr, lsl #24
  88:	0000001c 	andeq	r0, r0, ip, lsl r0
  8c:	00000078 	andeq	r0, r0, r8, ror r0
  90:	70010004 	andvc	r0, r1, r4
  94:	000000ec 	andeq	r0, r0, ip, ror #1
  98:	8b040e42 	blhi	1039a8 <_tarea_1_stack_phy_size_+0x102c28>
  9c:	0b0d4201 	bleq	3508a8 <_tarea_1_stack_phy_size_+0x34fb28>
  a0:	0d0d6e02 	stceq	14, cr6, [sp, #-8]
  a4:	000ecb42 	andeq	ip, lr, r2, asr #22
  a8:	0000000c 	andeq	r0, r0, ip
  ac:	ffffffff 			; <UNDEFINED> instruction: 0xffffffff
  b0:	7c020001 	stcvc	0, cr0, [r2], {1}
  b4:	000d0c0e 	andeq	r0, sp, lr, lsl #24
  b8:	00000014 	andeq	r0, r0, r4, lsl r0
  bc:	000000a8 	andeq	r0, r0, r8, lsr #1
  c0:	70011428 	andvc	r1, r1, r8, lsr #8
  c4:	00000044 	andeq	r0, r0, r4, asr #32
  c8:	8b040e42 	blhi	1039d8 <_tarea_1_stack_phy_size_+0x102c58>
  cc:	0b0d4201 	bleq	3508d8 <_tarea_1_stack_phy_size_+0x34fb58>
  d0:	0000000c 	andeq	r0, r0, ip
  d4:	ffffffff 			; <UNDEFINED> instruction: 0xffffffff
  d8:	7c020001 	stcvc	0, cr0, [r2], {1}
  dc:	000d0c0e 	andeq	r0, sp, lr, lsl #24
  e0:	0000001c 	andeq	r0, r0, ip, lsl r0
  e4:	000000d0 	ldrdeq	r0, [r0], -r0	; <UNPREDICTABLE>
  e8:	700100f0 	strdvc	r0, [r1], -r0	; <UNPREDICTABLE>
  ec:	00000078 	andeq	r0, r0, r8, ror r0
  f0:	8b080e42 	blhi	203a00 <_tarea_1_stack_phy_size_+0x202c80>
  f4:	42018e02 	andmi	r8, r1, #2, 28
  f8:	76040b0c 	strvc	r0, [r4], -ip, lsl #22
  fc:	00080d0c 	andeq	r0, r8, ip, lsl #26
 100:	0000000c 	andeq	r0, r0, ip
 104:	ffffffff 			; <UNDEFINED> instruction: 0xffffffff
 108:	7c020001 	stcvc	0, cr0, [r2], {1}
 10c:	000d0c0e 	andeq	r0, sp, lr, lsl #24
 110:	00000020 	andeq	r0, r0, r0, lsr #32
 114:	00000100 	andeq	r0, r0, r0, lsl #2
 118:	70010168 	andvc	r0, r1, r8, ror #2
 11c:	000002bc 			; <UNDEFINED> instruction: 0x000002bc
 120:	8b040e42 	blhi	103a30 <_tarea_1_stack_phy_size_+0x102cb0>
 124:	0b0d4201 	bleq	350930 <_tarea_1_stack_phy_size_+0x34fbb0>
 128:	0d015603 	stceq	6, cr5, [r1, #-12]
 12c:	0ecb420d 	cdpeq	2, 12, cr4, cr11, cr13, {0}
 130:	00000000 	andeq	r0, r0, r0
 134:	0000000c 	andeq	r0, r0, ip
 138:	ffffffff 			; <UNDEFINED> instruction: 0xffffffff
 13c:	7c020001 	stcvc	0, cr0, [r2], {1}
 140:	000d0c0e 	andeq	r0, sp, lr, lsl #24
 144:	00000018 	andeq	r0, r0, r8, lsl r0
 148:	00000134 	andeq	r0, r0, r4, lsr r1
 14c:	70010504 	andvc	r0, r1, r4, lsl #10
 150:	000006f4 	strdeq	r0, [r0], -r4
 154:	8b080e42 	blhi	203a64 <_tarea_1_stack_phy_size_+0x202ce4>
 158:	42018e02 	andmi	r8, r1, #2, 28
 15c:	00040b0c 	andeq	r0, r4, ip, lsl #22
 160:	0000000c 	andeq	r0, r0, ip
 164:	ffffffff 			; <UNDEFINED> instruction: 0xffffffff
 168:	7c020001 	stcvc	0, cr0, [r2], {1}
 16c:	000d0c0e 	andeq	r0, sp, lr, lsl #24
 170:	0000001c 	andeq	r0, r0, ip, lsl r0
 174:	00000160 	andeq	r0, r0, r0, ror #2
 178:	70010c00 	andvc	r0, r1, r0, lsl #24
 17c:	000001a8 	andeq	r0, r0, r8, lsr #3
 180:	8b040e42 	blhi	103a90 <_tarea_1_stack_phy_size_+0x102d10>
 184:	0b0d4201 	bleq	350990 <_tarea_1_stack_phy_size_+0x34fc10>
 188:	0d0dcc02 	stceq	12, cr12, [sp, #-8]
 18c:	000ecb42 	andeq	ip, lr, r2, asr #22
 190:	0000000c 	andeq	r0, r0, ip
 194:	ffffffff 			; <UNDEFINED> instruction: 0xffffffff
 198:	7c020001 	stcvc	0, cr0, [r2], {1}
 19c:	000d0c0e 	andeq	r0, sp, lr, lsl #24
 1a0:	0000001c 	andeq	r0, r0, ip, lsl r0
 1a4:	00000190 	muleq	r0, r0, r1
 1a8:	70010da8 	andvc	r0, r1, r8, lsr #27
 1ac:	0000007c 	andeq	r0, r0, ip, ror r0
 1b0:	8b040e42 	blhi	103ac0 <_tarea_1_stack_phy_size_+0x102d40>
 1b4:	0b0d4201 	bleq	3509c0 <_tarea_1_stack_phy_size_+0x34fc40>
 1b8:	420d0d76 	andmi	r0, sp, #7552	; 0x1d80
 1bc:	00000ecb 	andeq	r0, r0, fp, asr #29
 1c0:	0000000c 	andeq	r0, r0, ip
 1c4:	ffffffff 			; <UNDEFINED> instruction: 0xffffffff
 1c8:	7c020001 	stcvc	0, cr0, [r2], {1}
 1cc:	000d0c0e 	andeq	r0, sp, lr, lsl #24
 1d0:	0000001c 	andeq	r0, r0, ip, lsl r0
 1d4:	000001c0 	andeq	r0, r0, r0, asr #3
 1d8:	70010e24 	andvc	r0, r1, r4, lsr #28
 1dc:	0000007c 	andeq	r0, r0, ip, ror r0
 1e0:	8b040e42 	blhi	103af0 <_tarea_1_stack_phy_size_+0x102d70>
 1e4:	0b0d4201 	bleq	3509f0 <_tarea_1_stack_phy_size_+0x34fc70>
 1e8:	420d0d76 	andmi	r0, sp, #7552	; 0x1d80
 1ec:	00000ecb 	andeq	r0, r0, fp, asr #29
 1f0:	0000000c 	andeq	r0, r0, ip
 1f4:	ffffffff 			; <UNDEFINED> instruction: 0xffffffff
 1f8:	7c020001 	stcvc	0, cr0, [r2], {1}
 1fc:	000d0c0e 	andeq	r0, sp, lr, lsl #24
 200:	0000001c 	andeq	r0, r0, ip, lsl r0
 204:	000001f0 	strdeq	r0, [r0], -r0	; <UNPREDICTABLE>
 208:	70010ea0 	andvc	r0, r1, r0, lsr #29
 20c:	00000084 	andeq	r0, r0, r4, lsl #1
 210:	8b040e42 	blhi	103b20 <_tarea_1_stack_phy_size_+0x102da0>
 214:	0b0d4201 	bleq	350a20 <_tarea_1_stack_phy_size_+0x34fca0>
 218:	420d0d7a 	andmi	r0, sp, #7808	; 0x1e80
 21c:	00000ecb 	andeq	r0, r0, fp, asr #29
 220:	0000000c 	andeq	r0, r0, ip
 224:	ffffffff 			; <UNDEFINED> instruction: 0xffffffff
 228:	7c020001 	stcvc	0, cr0, [r2], {1}
 22c:	000d0c0e 	andeq	r0, sp, lr, lsl #24
 230:	00000020 	andeq	r0, r0, r0, lsr #32
 234:	00000220 	andeq	r0, r0, r0, lsr #4
 238:	70010f24 	andvc	r0, r1, r4, lsr #30
 23c:	000004a4 	andeq	r0, r0, r4, lsr #9
 240:	8b040e42 	blhi	103b50 <_tarea_1_stack_phy_size_+0x102dd0>
 244:	0b0d4201 	bleq	350a50 <_tarea_1_stack_phy_size_+0x34fcd0>
 248:	0d024a03 	vstreq	s8, [r2, #-12]
 24c:	0ecb420d 	cdpeq	2, 12, cr4, cr11, cr13, {0}
 250:	00000000 	andeq	r0, r0, r0
